datetime,datetimeEpoch,tempmax,tempmin,temp,feelslikemax,feelslikemin,feelslike,dew,humidity,precip,precipprob,precipcover,preciptype,snow,snowdepth,windgust,windspeed,winddir,pressure,cloudcover,visibility,solarradiation,solarenergy,uvindex,severerisk,sunrise,sunriseEpoch,sunset,sunsetEpoch,moonphase,conditions,description,icon,stations,source,resolvedAddress,tz,tzOffset,queryCost,node,lat,lon,date
2026-01-01,1767200400,24.0,13.8,18.2,24.0,13.8,18.2,13.2,74.6,0.0,0.0,0.0,,0.0,0.0,31.3,9.4,54.0,1013.3,51.6,24.1,247.7,21.4,9.0,10.0,06:08:04,1767222484,17:33:22,1767263602,0.42,type_42,Variablecloud.,partly-cloudy-day,remote,obs,"12.2,108.2",Asia/Ho_Chi_Minh,7.0,24,DL_FIRE_SV-C2_684275,12.2,108.2,2026-01-01
2026-01-02,1767286800,23.6,14.0,18.2,23.6,14.0,18.2,14.1,78.1,0.0,0.0,0.0,,0.0,0.0,52.6,17.3,55.6,1015.8,69.2,21.5,204.3,17.7,8.0,10.0,06:08:27,1767308907,17:33:55,1767350035,0.46,type_42,Variablecloud.,partly-cloudy-day,remote,obs,"12.2,108.2",Asia/Ho_Chi_Minh,7.0,24,DL_FIRE_SV-C2_684275,12.2,108.2,2026-01-02
2026-01-03,1767373200,22.4,15.1,18.2,22.4,15.1,18.2,13.5,75.0,0.0,0.0,0.0,,0.0,0.0,52.2,18.4,52.5,1016.6,70.1,23.5,233.4,20.4,9.0,10.0,06:08:49,1767395329,17:34:29,1767436469,0.5,type_42,Variablecloud.,partly-cloudy-day,remote,obs,"12.2,108.2",Asia/Ho_Chi_Minh,7.0,24,DL_FIRE_SV-C2_684275,12.2,108.2,2026-01-03
2026-01-04,1767459600,25.0,14.6,18.9,25.0,14.6,18.9,15.6,82.1,0.0,0.0,0.0,,0.0,0.0,45.4,15.1,57.4,1016.1,90.6,20.8,180.3,15.3,7.0,10.0,06:09:10,1767481750,17:35:03,1767522903,0.53,type_41,Overcast.,cloudy,remote,obs,"12.2,108.2",Asia/Ho_Chi_Minh,7.0,24,DL_FIRE_SV-C2_684275,12.2,108.2,2026-01-04
2026-01-05,1767546000,22.3,17.9,19.4,22.3,17.9,19.4,16.3,82.6,0.0,0.0,0.0,,0.0,0.0,39.2,14.0,49.4,1016.5,95.9,19.7,128.5,11.1,4.0,10.0,06:09:31,1767568171,17:35:36,1767609336,0.56,type_41,Overcast.,cloudy,remote,obs,"12.2,108.2",Asia/Ho_Chi_Minh,7.0,24,DL_FIRE_SV-C2_684275,12.2,108.2,2026-01-05
2026-01-06,1767632400,23.1,16.6,18.7,23.1,16.6,18.7,14.9,79.0,0.0,0.0,0.0,,0.0,0.0,54.0,16.6,54.0,1017.5,96.6,20.6,150.8,13.0,6.0,10.0,06:09:51,1767654591,17:36:10,1767695770,0.59,type_41,Overcast.,cloudy,remote,obs,"12.2,108.2",Asia/Ho_Chi_Minh,7.0,24,DL_FIRE_SV-C2_684275,12.2,108.2,2026-01-06
2026-01-07,1767718800,21.8,15.5,17.9,21.8,15.5,17.9,13.7,76.9,0.0,0.0,0.0,,0.0,0.0,53.3,17.3,55.3,1018.5,77.9,22.8,200.7,17.4,7.0,10.0,06:10:10,1767741010,17:36:43,1767782203,0.62,type_42,Variablecloud.,partly-cloudy-day,remote,obs,"12.2,108.2",Asia/Ho_Chi_Minh,7.0,24,DL_FIRE_SV-C2_684275,12.2,108.2,2026-01-07
2026-01-08,1767805200,21.5,13.4,16.8,21.5,13.4,16.8,12.0,74.0,0.0,0.0,0.0,,0.0,0.0,47.2,15.5,54.4,1019.0,60.8,22.1,239.2,20.7,9.0,10.0,06:10:28,1767827428,17:37:17,1767868637,0.66,type_42,Variablecloud.,partly-cloudy-day,remote,obs,"12.2,108.2",Asia/Ho_Chi_Minh,7.0,24,DL_FIRE_SV-C2_684275,12.2,108.2,2026-01-08
2026-01-09,1767891600,21.8,11.5,15.7,21.8,11.5,15.7,10.9,74.6,0.0,0.0,0.0,,0.0,0.0,38.5,12.6,57.4,1017.9,71.8,21.8,249.6,21.7,9.0,10.0,06:10:45,1767913845,17:37:50,1767955070,0.69,type_42,Variablecloud.,partly-cloudy-day,remote,obs,"12.2,108.2",Asia/Ho_Chi_Minh,7.0,24,DL_FIRE_SV-C2_684275,12.2,108.2,2026-01-09
2026-01-10,1767978000,24.5,11.4,16.9,24.5,11.4,16.9,12.2,75.7,0.0,0.0,0.0,,0.0,0.0,26.3,7.9,59.1,1016.5,74.0,23.6,239.3,20.6,9.0,10.0,06:11:01,1768000261,17:38:23,1768041503,0.75,type_42,Variablecloud.,partly-cloudy-day,remote,obs,"12.2,108.2",Asia/Ho_Chi_Minh,7.0,24,DL_FIRE_SV-C2_684275,12.2,108.2,2026-01-10
2026-01-11,1768064400,24.1,13.6,18.1,24.1,13.6,18.1,14.0,78.0,0.0,0.0,0.0,,0.0,0.0,41.0,14.0,55.4,1018.2,98.6,22.9,175.8,15.1,6.0,10.0,06:11:16,1768086676,17:38:57,1768127937,0.75,type_41,Overcast.,cloudy,remote,obs,"12.2,108.2",Asia/Ho_Chi_Minh,7.0,24,DL_FIRE_SV-C2_684275,12.2,108.2,2026-01-11
2026-01-12,1768150800,26.4,14.4,19.5,26.4,14.4,19.5,15.1,77.4,0.0,0.0,0.0,,0.0,0.0,28.1,8.6,54.6,1017.1,46.3,24.1,234.5,20.4,9.0,10.0,06:11:30,1768173090,17:39:30,1768214370,0.79,type_42,Variablecloud.,partly-cloudy-day,remote,obs,"12.2,108.2",Asia/Ho_Chi_Minh,7.0,24,DL_FIRE_SV-C2_684275,12.2,108.2,2026-01-12
2026-01-13,1768237200,25.1,16.1,19.8,25.1,16.1,19.8,15.3,76.9,0.0,0.0,0.0,,0.0,0.0,28.8,9.0,48.6,1016.7,54.8,24.1,221.0,19.1,8.0,10.0,06:11:43,1768259503,17:40:02,1768300802,0.82,type_42,Variablecloud.,partly-cloudy-day,remote,obs,"12.2,108.2",Asia/Ho_Chi_Minh,7.0,24,DL_FIRE_SV-C2_684275,12.2,108.2,2026-01-13
2026-01-14,1768323600,26.1,14.5,19.9,26.1,14.5,19.9,14.7,73.9,0.0,0.0,0.0,,0.0,0.0,29.2,8.3,57.3,1014.9,11.9,24.1,251.9,21.8,9.0,10.0,06:11:56,1768345916,17:40:35,1768387235,0.85,type_43,Clear.,clear-day,remote,obs,"12.2,108.2",Asia/Ho_Chi_Minh,7.0,24,DL_FIRE_SV-C2_684275,12.2,108.2,2026-01-14
2026-01-15,1768410000,25.7,16.1,20.3,25.7,16.1,20.3,15.4,75.6,0.0,0.0,0.0,,0.0,0.0,33.1,10.1,52.4,1014.5,38.6,24.1,255.0,21.9,9.0,10.0,06:12:07,1768432327,17:41:07,1768473667,0.88,type_42,Clearingpm.,partly-cloudy-day,remote,obs,"12.2,108.2",Asia/Ho_Chi_Minh,7.0,24,DL_FIRE_SV-C2_684275,12.2,108.2,2026-01-15
2026-01-16,1768496400,26.7,13.9,19.9,26.7,13.9,19.9,12.5,66.5,0.0,0.0,0.0,,0.0,0.0,28.8,8.3,64.0,1013.0,67.6,24.1,260.8,22.6,9.0,10.0,06:12:17,1768518737,17:41:39,1768560099,0.92,type_42,Variablecloud.,partly-cloudy-day,remote,obs,"12.2,108.2",Asia/Ho_Chi_Minh,7.0,24,DL_FIRE_SV-C2_684275,12.2,108.2,2026-01-16
2026-01-17,1768582800,25.2,13.6,19.5,25.2,13.6,19.5,13.6,70.8,0.0,0.0,0.0,,0.0,0.0,32.4,10.8,36.2,1011.5,90.0,24.1,248.4,21.3,9.0,10.0,06:12:26,1768605146,17:42:11,1768646531,0.95,type_42,Variablecloud.,partly-cloudy-day,remote,obs,"12.2,108.2",Asia/Ho_Chi_Minh,7.0,24,DL_FIRE_SV-C2_684275,12.2,108.2,2026-01-17
2026-01-18,1768669200,27.7,14.8,20.0,27.0,14.8,19.9,11.9,64.8,0.0,0.0,0.0,,0.0,0.0,15.1,9.4,51.2,1010.5,77.4,24.1,255.0,22.0,9.0,10.0,06:12:34,1768691554,17:42:42,1768732962,0.98,type_42,Variablecloud.,partly-cloudy-day,remote,obs,"12.2,108.2",Asia/Ho_Chi_Minh,7.0,24,DL_FIRE_SV-C2_684275,12.2,108.2,2026-01-18
2026-01-19,1768755600,27.5,13.9,19.4,26.8,13.9,19.3,10.5,60.5,0.0,0.0,0.0,,0.0,0.0,12.6,9.4,59.9,1011.5,58.8,24.1,267.0,22.9,9.0,10.0,06:12:41,1768777961,17:43:13,1768819393,0.0,type_42,Variablecloud.,partly-cloudy-day,remote,obs,"12.2,108.2",Asia/Ho_Chi_Minh,7.0,24,DL_FIRE_SV-C2_684275,12.2,108.2,2026-01-19
2026-01-20,1768842000,27.6,12.9,19.0,26.8,12.9,18.9,9.1,56.8,0.0,0.0,0.0,,0.0,0.0,17.6,10.4,56.0,1012.7,32.2,24.1,264.5,22.8,9.0,10.0,06:12:47,1768864367,17:43:43,1768905823,0.05,type_42,Variablecloud.,partly-cloudy-day,remote,obs,"12.2,108.2",Asia/Ho_Chi_Minh,7.0,24,DL_FIRE_SV-C2_684275,12.2,108.2,2026-01-20
2026-01-21,1768928400,26.9,10.7,17.3,26.6,10.7,17.3,9.6,63.8,0.0,0.0,0.0,,0.0,0.0,16.9,12.2,57.6,1014.9,16.2,24.0,270.7,23.5,9.0,10.0,06:12:52,1768950772,17:44:13,1768992253,0.08,type_43,Clear.,clear-day,remote,obs,"12.2,108.2",Asia/Ho_Chi_Minh,7.0,24,DL_FIRE_SV-C2_684275,12.2,108.2,2026-01-21
2026-01-22,1769014800,26.3,12.1,17.8,26.3,12.1,17.8,12.8,75.8,0.1,100.0,4.17,rain,0.0,0.0,21.2,11.5,55.6,1016.3,47.9,22.3,239.8,20.8,9.0,10.0,06:12:55,1769037175,17:44:43,1769078683,0.12,"type_21, type_42",Variablecloud with rainpm.,rain,remote,obs,"12.2,108.2",Asia/Ho_Chi_Minh,7.0,24,DL_FIRE_SV-C2_684275,12.2,108.2,2026-01-22
2026-01-23,1769101200,26.8,12.6,17.8,26.7,12.6,17.8,13.0,77.3,0.0,0.0,0.0,rain,0.0,0.0,18.7,11.5,52.6,1017.4,45.7,19.5,229.2,19.7,9.0,10.0,06:12:58,1769123578,17:45:12,1769165112,0.16,type_42,Variablecloud.,partly-cloudy-day,remote,obs,"12.2,108.2",Asia/Ho_Chi_Minh,7.0,24,DL_FIRE_SV-C2_684275,12.2,108.2,2026-01-23
2026-01-24,1769187600,26.3,12.1,17.5,26.3,12.1,17.5,12.3,75.3,0.0,0.0,0.0,,0.0,0.0,18.0,10.1,50.5,1017.5,43.6,23.8,218.1,18.8,9.0,10.0,06:13:00,1769209980,17:45:41,1769251541,0.19,type_42,Variablecloud.,partly-cloudy-day,remote,comb,"12.2,108.2",Asia/Ho_Chi_Minh,7.0,24,DL_FIRE_SV-C2_684275,12.2,108.2,2026-01-24
2026-01-25,1769274000,27.8,12.4,18.7,27.0,12.4,18.6,11.4,68.6,0.0,0.0,0.0,,0.0,0.0,14.0,9.7,35.4,1015.5,38.8,24.1,271.9,23.6,9.0,10.0,06:13:00,1769296380,17:46:09,1769337969,0.23,type_42,Variablecloud.,partly-cloudy-day,,fcst,"12.2,108.2",Asia/Ho_Chi_Minh,7.0,24,DL_FIRE_SV-C2_684275,12.2,108.2,2026-01-25
2026-01-26,1769360400,29.4,12.8,19.4,27.8,12.8,19.1,10.3,64.0,0.0,0.0,0.0,,0.0,0.0,14.4,9.4,44.4,1015.5,12.8,24.1,275.6,23.7,9.0,10.0,06:12:59,1769382779,17:46:37,1769424397,0.25,type_43,Clear.,clear-day,,fcst,"12.2,108.2",Asia/Ho_Chi_Minh,7.0,24,DL_FIRE_SV-C2_684275,12.2,108.2,2026-01-26
2026-01-27,1769446800,29.1,12.6,19.5,28.0,12.6,19.3,11.8,65.8,0.0,0.0,0.0,,0.0,0.0,20.2,10.4,49.5,1015.9,43.3,24.1,265.3,22.9,9.0,10.0,06:12:58,1769469178,17:47:04,1769510824,0.3,type_42,Variablecloud.,partly-cloudy-day,,fcst,"12.2,108.2",Asia/Ho_Chi_Minh,7.0,24,DL_FIRE_SV-C2_684275,12.2,108.2,2026-01-27
2026-01-28,1769533200,27.9,12.9,19.1,27.1,12.9,19.0,11.9,67.7,0.0,0.0,0.0,,0.0,0.0,19.4,10.8,57.4,1016.0,62.3,24.1,259.5,22.5,9.0,10.0,06:12:55,1769555575,17:47:31,1769597251,0.33,type_42,Variablecloud.,partly-cloudy-day,,fcst,"12.2,108.2",Asia/Ho_Chi_Minh,7.0,24,DL_FIRE_SV-C2_684275,12.2,108.2,2026-01-28
2026-01-29,1769619600,28.1,12.5,18.9,27.2,12.5,18.8,12.3,71.1,0.0,0.0,0.0,,0.0,0.0,15.8,9.4,55.6,1015.5,87.5,22.3,277.3,23.9,9.0,10.0,06:12:51,1769641971,17:47:57,1769683677,0.37,type_42,Variablecloud.,partly-cloudy-day,,fcst,"12.2,108.2",Asia/Ho_Chi_Minh,7.0,24,DL_FIRE_SV-C2_684275,12.2,108.2,2026-01-29
2026-01-30,1769706000,29.1,12.9,19.4,27.5,12.9,19.2,8.8,56.0,0.0,3.2,0.0,,0.0,0.0,11.2,8.6,69.5,1015.3,79.5,24.1,247.3,21.3,9.0,10.0,06:12:46,1769728366,17:48:22,1769770102,0.4,type_42,Variablecloud.,partly-cloudy-day,,fcst,"12.2,108.2",Asia/Ho_Chi_Minh,7.0,24,DL_FIRE_SV-C2_684275,12.2,108.2,2026-01-30
2026-01-31,1769792400,28.9,14.6,20.5,27.4,14.6,20.2,8.9,54.0,0.3,12.9,8.33,rain,0.0,0.0,12.6,9.7,89.1,1015.1,88.3,24.1,231.9,20.1,8.0,10.0,06:12:40,1769814760,17:48:47,1769856527,0.44,type_42,Variablecloud.,partly-cloudy-day,,fcst,"12.2,108.2",Asia/Ho_Chi_Minh,7.0,24,DL_FIRE_SV-C2_684275,12.2,108.2,2026-01-31
2026-01-01,1767200400,21.8,12.9,16.5,21.8,12.9,16.5,12.6,79.4,0.0,0.0,0.0,,0.0,0.0,27.0,7.9,36.5,1014.2,62.2,20.6,242.9,21.0,8.0,10.0,06:07:16,1767222436,17:32:34,1767263554,0.42,type_42,Variablecloud.,partly-cloudy-day,remote,obs,"12.2,108.4",Asia/Ho_Chi_Minh,7.0,24,DL_FIRE_SV-C2_684276,12.2,108.4,2026-01-01
2026-01-02,1767286800,20.5,12.6,16.2,20.5,12.6,16.2,13.8,86.2,1.1,100.0,29.17,rain,0.0,0.0,45.4,15.8,54.0,1017.0,85.4,13.6,184.9,15.8,7.0,10.0,06:07:39,1767308859,17:33:07,1767349987,0.46,"type_21, type_42",Variablecloud with raindefinite.,rain,remote,obs,"12.2,108.4",Asia/Ho_Chi_Minh,7.0,24,DL_FIRE_SV-C2_684276,12.2,108.4,2026-01-02
2026-01-03,1767373200,19.8,13.9,16.3,19.8,13.9,16.3,13.2,82.6,0.1,100.0,4.17,rain,0.0,0.0,46.8,14.8,49.9,1018.0,88.8,17.4,221.6,19.1,8.0,10.0,06:08:01,1767395281,17:33:41,1767436421,0.5,"type_21, type_42",Variablecloud with rainearlyam.,rain,remote,obs,"12.2,108.4",Asia/Ho_Chi_Minh,7.0,24,DL_FIRE_SV-C2_684276,12.2,108.4,2026-01-03
2026-01-04,1767459600,21.7,13.8,17.0,21.7,13.8,17.0,15.2,89.6,1.1,100.0,45.83,rain,0.0,0.0,42.1,13.3,57.1,1017.3,97.4,16.0,165.5,14.3,7.0,10.0,06:08:22,1767481702,17:34:14,1767522854,0.53,"type_21, type_41",Overcast with raindefinite.,rain,remote,obs,"12.2,108.4",Asia/Ho_Chi_Minh,7.0,24,DL_FIRE_SV-C2_684276,12.2,108.4,2026-01-04
2026-01-05,1767546000,19.8,15.7,17.3,19.8,15.7,17.3,15.9,91.2,2.0,100.0,50.0,rain,0.0,0.0,36.0,12.2,47.5,1017.7,99.1,6.9,117.3,10.2,4.0,10.0,06:08:43,1767568123,17:34:48,1767609288,0.56,"type_21, type_41",Overcast with rainallday.,rain,remote,obs,"12.2,108.4",Asia/Ho_Chi_Minh,7.0,24,DL_FIRE_SV-C2_684276,12.2,108.4,2026-01-05
2026-01-06,1767632400,19.8,14.5,16.4,19.8,14.5,16.4,14.7,89.7,2.3,100.0,50.0,rain,0.0,0.0,45.0,14.0,51.7,1018.7,99.1,11.1,125.5,10.9,5.0,10.0,06:09:03,1767654543,17:35:22,1767695722,0.59,"type_21, type_41",Overcast with raindefinite.,rain,remote,obs,"12.2,108.4",Asia/Ho_Chi_Minh,7.0,24,DL_FIRE_SV-C2_684276,12.2,108.4,2026-01-06
2026-01-07,1767718800,18.9,13.6,15.6,18.9,13.6,15.6,13.4,87.0,0.0,0.0,0.0,rain,0.0,0.0,46.8,14.8,52.9,1019.7,93.4,10.4,167.9,14.5,6.0,10.0,06:09:22,1767740962,17:35:55,1767782155,0.62,type_41,Overcast.,cloudy,remote,obs,"12.2,108.4",Asia/Ho_Chi_Minh,7.0,24,DL_FIRE_SV-C2_684276,12.2,108.4,2026-01-07
2026-01-08,1767805200,18.6,11.7,14.6,18.6,11.7,14.6,11.7,83.5,0.0,0.0,0.0,rain,0.0,0.0,42.5,13.0,49.1,1020.1,83.5,12.2,213.3,18.5,8.0,10.0,06:09:40,1767827380,17:36:29,1767868589,0.66,type_42,Variablecloud.,partly-cloudy-day,remote,obs,"12.2,108.4",Asia/Ho_Chi_Minh,7.0,24,DL_FIRE_SV-C2_684276,12.2,108.4,2026-01-08
2026-01-09,1767891600,18.5,9.7,13.6,18.5,9.2,13.5,10.6,82.8,0.0,0.0,0.0,,0.0,0.0,36.0,11.2,50.6,1019.0,82.7,13.0,223.1,19.3,7.0,10.0,06:09:57,1767913797,17:37:02,1767955022,0.69,type_42,Variablecloud.,partly-cloudy-day,remote,obs,"12.2,108.4",Asia/Ho_Chi_Minh,7.0,24,DL_FIRE_SV-C2_684276,12.2,108.4,2026-01-09
2026-01-10,1767978000,21.4,9.8,14.9,21.4,9.0,14.8,11.8,82.8,0.0,0.0,0.0,,0.0,0.0,27.4,7.2,63.7,1017.5,77.9,22.5,225.0,19.3,8.0,10.0,06:10:13,1768000213,17:37:35,1768041455,0.75,type_42,Variablecloud.,partly-cloudy-day,remote,obs,"12.2,108.4",Asia/Ho_Chi_Minh,7.0,24,DL_FIRE_SV-C2_684276,12.2,108.4,2026-01-10
2026-01-11,1768064400,20.6,12.7,16.1,20.6,12.7,16.1,13.6,85.8,0.0,0.0,0.0,,0.0,0.0,39.6,12.6,55.2,1019.3,98.8,17.9,160.7,13.7,6.0,10.0,06:10:28,1768086628,17:38:09,1768127889,0.75,type_41,Overcast.,cloudy,remote,obs,"12.2,108.4",Asia/Ho_Chi_Minh,7.0,24,DL_FIRE_SV-C2_684276,12.2,108.4,2026-01-11
2026-01-12,1768150800,23.1,12.3,17.2,23.1,12.3,17.2,14.4,85.1,0.0,0.0,0.0,,0.0,0.0,27.0,7.2,58.9,1018.2,51.1,20.3,213.7,18.6,8.0,10.0,06:10:42,1768173042,17:38:41,1768214321,0.79,type_42,Cloudierpm.,partly-cloudy-day,remote,obs,"12.2,108.4",Asia/Ho_Chi_Minh,7.0,24,DL_FIRE_SV-C2_684276,12.2,108.4,2026-01-12
2026-01-13,1768237200,23.0,14.7,17.7,23.0,14.7,17.7,14.6,82.9,0.0,0.0,0.0,,0.0,0.0,26.6,7.6,42.4,1017.6,66.5,23.2,213.2,18.5,8.0,10.0,06:10:55,1768259455,17:39:14,1768300754,0.82,type_42,Variablecloud.,partly-cloudy-day,remote,obs,"12.2,108.4",Asia/Ho_Chi_Minh,7.0,24,DL_FIRE_SV-C2_684276,12.2,108.4,2026-01-13
2026-01-14,1768323600,23.6,13.0,17.9,23.6,13.0,17.9,14.3,80.5,0.0,0.0,0.0,rain,0.0,0.0,24.8,7.2,64.9,1016.0,34.0,24.1,230.0,19.9,8.0,10.0,06:11:08,1768345868,17:39:47,1768387187,0.85,type_42,Variablecloud.,partly-cloudy-day,remote,obs,"12.2,108.4",Asia/Ho_Chi_Minh,7.0,24,DL_FIRE_SV-C2_684276,12.2,108.4,2026-01-14
2026-01-15,1768410000,23.5,14.2,18.4,23.5,14.2,18.4,14.8,81.1,0.0,0.0,0.0,,0.0,0.0,27.7,8.3,45.4,1015.5,46.2,24.1,253.1,21.7,9.0,10.0,06:11:19,1768432279,17:40:19,1768473619,0.88,type_42,Variablecloud.,partly-cloudy-day,remote,obs,"12.2,108.4",Asia/Ho_Chi_Minh,7.0,24,DL_FIRE_SV-C2_684276,12.2,108.4,2026-01-15
2026-01-16,1768496400,24.3,12.9,18.1,24.3,12.9,18.1,12.2,71.6,0.0,0.0,0.0,,0.0,0.0,25.2,7.2,53.0,1014.0,74.3,24.1,259.6,22.5,9.0,10.0,06:11:29,1768518689,17:40:51,1768560051,0.92,type_42,Variablecloud.,partly-cloudy-day,remote,obs,"12.2,108.4",Asia/Ho_Chi_Minh,7.0,24,DL_FIRE_SV-C2_684276,12.2,108.4,2026-01-16
2026-01-17,1768582800,23.1,12.7,17.8,23.1,12.7,17.8,13.3,76.2,0.0,0.0,0.0,rain,0.0,0.0,32.8,10.4,28.7,1012.3,92.6,24.1,246.9,21.3,9.0,10.0,06:11:38,1768605098,17:41:22,1768646482,0.95,type_41,Overcast.,cloudy,remote,obs,"12.2,108.4",Asia/Ho_Chi_Minh,7.0,24,DL_FIRE_SV-C2_684276,12.2,108.4,2026-01-17
2026-01-18,1768669200,24.2,12.7,17.4,24.2,12.7,17.4,11.2,71.1,0.0,0.0,0.0,,0.0,0.0,13.3,9.7,45.8,1011.5,84.0,24.1,255.5,22.1,9.0,10.0,06:11:46,1768691506,17:41:54,1768732914,0.98,type_42,Variablecloud.,partly-cloudy-day,remote,obs,"12.2,108.4",Asia/Ho_Chi_Minh,7.0,24,DL_FIRE_SV-C2_684276,12.2,108.4,2026-01-18
2026-01-19,1768755600,23.6,11.5,16.3,23.6,11.5,16.3,9.7,69.3,0.0,0.0,0.0,,0.0,0.0,14.4,9.4,59.8,1012.9,52.6,24.1,270.7,23.4,9.0,10.0,06:11:53,1768777913,17:42:25,1768819345,0.0,type_42,Variablecloud.,partly-cloudy-day,remote,obs,"12.2,108.4",Asia/Ho_Chi_Minh,7.0,24,DL_FIRE_SV-C2_684276,12.2,108.4,2026-01-19
2026-01-20,1768842000,23.8,10.4,15.9,23.8,10.4,15.9,8.1,64.1,0.0,0.0,0.0,,0.0,0.0,15.1,10.1,60.3,1014.0,36.7,24.1,264.1,22.9,9.0,10.0,06:11:59,1768864319,17:42:55,1768905775,0.05,type_42,Variablecloud.,partly-cloudy-day,remote,obs,"12.2,108.4",Asia/Ho_Chi_Minh,7.0,24,DL_FIRE_SV-C2_684276,12.2,108.4,2026-01-20
2026-01-21,1768928400,22.7,8.1,14.2,22.7,7.4,14.0,9.1,74.4,0.0,0.0,0.0,,0.0,0.0,14.0,12.2,58.9,1016.1,23.1,23.2,267.9,23.3,9.0,10.0,06:12:04,1768950724,17:43:25,1768992205,0.08,type_42,Variablecloud.,partly-cloudy-day,remote,obs,"12.2,108.4",Asia/Ho_Chi_Minh,7.0,24,DL_FIRE_SV-C2_684276,12.2,108.4,2026-01-21
2026-01-22,1769014800,21.8,10.2,14.8,21.8,10.2,14.8,12.0,85.4,0.5,100.0,20.83,rain,0.0,0.0,18.4,10.8,56.8,1017.5,54.8,18.4,230.3,19.8,8.0,10.0,06:12:07,1769037127,17:43:55,1769078635,0.12,"type_21, type_42",Cloudierpm with raindefinite.,rain,remote,obs,"12.2,108.4",Asia/Ho_Chi_Minh,7.0,24,DL_FIRE_SV-C2_684276,12.2,108.4,2026-01-22
2026-01-23,1769101200,22.8,10.8,15.2,22.8,10.8,15.2,12.1,84.6,0.3,100.0,8.33,rain,0.0,0.0,18.0,12.2,55.8,1018.5,61.2,11.6,230.0,19.7,9.0,10.0,06:12:10,1769123530,17:44:24,1769165064,0.16,"type_21, type_42",Variablecloud with rainpm.,rain,remote,obs,"12.2,108.4",Asia/Ho_Chi_Minh,7.0,24,DL_FIRE_SV-C2_684276,12.2,108.4,2026-01-23
2026-01-24,1769187600,21.6,10.3,14.7,21.6,10.3,14.7,11.5,83.7,0.1,100.0,4.17,rain,0.0,0.0,12.6,11.9,60.0,1018.6,72.7,22.5,197.7,17.1,8.0,10.0,06:12:12,1769209932,17:44:53,1769251493,0.19,"type_21, type_42",Variablecloud with rainpm.,rain,remote,comb,"12.2,108.4",Asia/Ho_Chi_Minh,7.0,24,DL_FIRE_SV-C2_684276,12.2,108.4,2026-01-24
2026-01-25,1769274000,25.0,10.5,16.2,25.0,10.5,16.2,10.8,76.2,0.1,0.0,4.17,rain,0.0,0.0,12.6,9.4,66.1,1016.7,45.0,23.2,275.3,23.9,9.0,10.0,06:12:12,1769296332,17:45:21,1769337921,0.23,type_42,Variablecloud.,partly-cloudy-day,,fcst,"12.2,108.4",Asia/Ho_Chi_Minh,7.0,24,DL_FIRE_SV-C2_684276,12.2,108.4,2026-01-25
2026-01-26,1769360400,25.9,10.4,16.6,25.9,10.4,16.6,9.0,69.4,0.0,0.0,0.0,,0.0,0.0,13.0,9.7,70.1,1016.7,19.0,23.9,280.3,24.3,10.0,10.0,06:12:11,1769382731,17:45:49,1769424349,0.25,type_43,Clear.,clear-day,,fcst,"12.2,108.4",Asia/Ho_Chi_Minh,7.0,24,DL_FIRE_SV-C2_684276,12.2,108.4,2026-01-26
2026-01-27,1769446800,25.4,10.3,16.5,25.4,10.3,16.5,10.9,74.5,0.0,0.0,0.0,,0.0,0.0,13.3,11.2,49.0,1017.1,45.6,24.1,269.4,23.5,9.0,10.0,06:12:10,1769469130,17:46:16,1769510776,0.3,type_42,Variablecloud.,partly-cloudy-day,,fcst,"12.2,108.4",Asia/Ho_Chi_Minh,7.0,24,DL_FIRE_SV-C2_684276,12.2,108.4,2026-01-27
2026-01-28,1769533200,24.2,10.4,16.2,24.2,10.4,16.2,11.2,76.0,0.0,0.0,0.0,,0.0,0.0,16.9,11.5,55.6,1017.2,63.3,20.8,264.4,22.8,9.0,10.0,06:12:07,1769555527,17:46:43,1769597203,0.33,type_42,Variablecloud.,partly-cloudy-day,,fcst,"12.2,108.4",Asia/Ho_Chi_Minh,7.0,24,DL_FIRE_SV-C2_684276,12.2,108.4,2026-01-28
2026-01-29,1769619600,24.4,10.9,16.4,24.4,10.9,16.4,11.3,76.8,0.0,0.0,0.0,,0.0,0.0,12.2,10.1,60.8,1016.6,81.6,22.1,283.5,24.3,9.0,10.0,06:12:03,1769641923,17:47:09,1769683629,0.37,type_42,Variablecloud.,partly-cloudy-day,,fcst,"12.2,108.4",Asia/Ho_Chi_Minh,7.0,24,DL_FIRE_SV-C2_684276,12.2,108.4,2026-01-29
2026-01-30,1769706000,25.1,10.7,16.6,25.1,10.7,16.6,8.1,62.9,0.0,6.5,0.0,,0.0,0.0,8.6,9.0,74.8,1016.3,92.2,24.1,234.4,20.1,8.0,10.0,06:11:58,1769728318,17:47:34,1769770054,0.4,type_41,Overcast.,cloudy,,fcst,"12.2,108.4",Asia/Ho_Chi_Minh,7.0,24,DL_FIRE_SV-C2_684276,12.2,108.4,2026-01-30
2026-01-31,1769792400,26.1,11.9,17.7,26.1,11.9,17.7,9.5,63.0,1.1,19.4,12.5,rain,0.0,0.0,10.1,9.0,90.9,1016.4,83.4,24.1,206.4,18.0,9.0,10.0,06:11:52,1769814712,17:47:59,1769856479,0.44,type_42,Variablecloud.,partly-cloudy-day,,fcst,"12.2,108.4",Asia/Ho_Chi_Minh,7.0,24,DL_FIRE_SV-C2_684276,12.2,108.4,2026-01-31
2026-01-01,1767200400,29.0,20.0,24.7,29.1,20.0,24.9,16.8,62.6,0.0,0.0,0.0,,0.0,0.0,27.0,29.5,5.8,1012.2,14.0,11.2,242.9,21.0,8.0,10.0,06:06:28,1767222388,17:31:46,1767263506,0.42,type_43,Clear.,clear-day,"VMI0000VVCR,VVCR,VMI0000VVNT",obs,"12.2,108.6",Asia/Ho_Chi_Minh,7.0,24,DL_FIRE_SV-C2_684281,12.2,108.6,2026-01-01
2026-01-02,1767286800,28.0,22.9,25.0,29.7,22.9,25.3,18.0,65.4,1.1,100.0,29.17,rain,0.0,0.0,45.4,37.1,9.3,1014.9,41.1,11.2,184.9,15.8,7.0,10.0,06:06:51,1767308811,17:32:19,1767349939,0.46,"type_21, type_42",Variablecloud with raindefinite.,rain,"VMI0000VVCR,VVCR,VMI0000VVNT",obs,"12.2,108.6",Asia/Ho_Chi_Minh,7.0,24,DL_FIRE_SV-C2_684281,12.2,108.6,2026-01-02
2026-01-03,1767373200,28.0,23.0,24.9,28.9,23.0,25.1,17.4,63.3,0.1,100.0,4.17,rain,0.0,0.0,46.8,35.3,5.2,1015.7,32.3,11.2,221.6,19.1,8.0,10.0,06:07:13,1767395233,17:32:53,1767436373,0.5,"type_21, type_42",Variablecloud with rainearlyam.,rain,"VMI0000VVCR,VVCR,VMI0000VVNT",obs,"12.2,108.6",Asia/Ho_Chi_Minh,7.0,24,DL_FIRE_SV-C2_684281,12.2,108.6,2026-01-03
2026-01-04,1767459600,26.0,22.0,24.2,26.0,22.0,24.2,18.7,71.8,1.1,100.0,45.83,rain,0.0,0.0,42.1,25.9,350.7,1015.1,78.9,11.0,165.5,14.3,7.0,10.0,06:07:34,1767481654,17:33:26,1767522806,0.53,"type_21, type_42",Variablecloud with raindefinite.,rain,"VMI0000VVCR,VVCR,VMI0000VVNT",obs,"12.2,108.6",Asia/Ho_Chi_Minh,7.0,24,DL_FIRE_SV-C2_684281,12.2,108.6,2026-01-04
2026-01-05,1767546000,27.0,23.6,24.9,28.2,23.6,25.0,19.1,70.3,2.0,100.0,50.0,rain,0.0,0.0,36.0,31.7,1.6,1015.4,89.8,11.2,117.3,10.2,4.0,10.0,06:07:55,1767568075,17:34:00,1767609240,0.56,"type_21, type_42",Variablecloud with rainallday.,rain,"VMI0000VVCR,VVCR,VMI0000VVNT",obs,"12.2,108.6",Asia/Ho_Chi_Minh,7.0,24,DL_FIRE_SV-C2_684281,12.2,108.6,2026-01-05
2026-01-06,1767632400,28.0,23.0,25.0,28.6,23.0,25.2,17.9,65.1,2.3,100.0,50.0,rain,0.0,0.0,63.0,40.7,11.6,1016.6,70.6,11.1,125.5,10.9,5.0,10.0,06:08:15,1767654495,17:34:34,1767695674,0.59,"type_21, type_42",Variablecloud with raindefinite.,rain,"VMI0000VVCR,VVCR,VMI0000VVNT",obs,"12.2,108.6",Asia/Ho_Chi_Minh,7.0,24,DL_FIRE_SV-C2_684281,12.2,108.6,2026-01-06
2026-01-07,1767718800,26.0,22.9,24.2,26.0,22.9,24.2,16.6,62.6,0.0,0.0,0.0,rain,0.0,0.0,57.6,44.6,11.1,1017.9,65.3,11.2,167.9,14.5,6.0,10.0,06:08:34,1767740914,17:35:07,1767782107,0.62,type_42,Variablecloud.,partly-cloudy-day,"VMI0000VVCR,VVCR,VMI0000VVNT",obs,"12.2,108.6",Asia/Ho_Chi_Minh,7.0,24,DL_FIRE_SV-C2_684281,12.2,108.6,2026-01-07
2026-01-08,1767805200,26.5,21.9,23.6,26.5,21.9,23.6,15.0,58.9,0.0,0.0,0.0,rain,0.0,0.0,53.6,40.7,2.9,1018.3,50.9,11.3,213.3,18.5,8.0,10.0,06:08:52,1767827332,17:35:41,1767868541,0.66,type_42,Variablecloud.,partly-cloudy-day,"VMI0000VVCR,VVCR,VMI0000VVNT",obs,"12.2,108.6",Asia/Ho_Chi_Minh,7.0,24,DL_FIRE_SV-C2_684281,12.2,108.6,2026-01-08
2026-01-09,1767891600,27.0,20.0,23.1,27.0,20.0,23.1,13.7,56.0,0.0,0.0,0.0,,0.0,0.0,36.0,40.7,354.0,1017.0,25.3,11.1,223.1,19.3,7.0,10.0,06:09:09,1767913749,17:36:14,1767954974,0.69,type_42,Variablecloud.,partly-cloudy-day,"VMI0000VVCR,VVCR,VMI0000VVNT",obs,"12.2,108.6",Asia/Ho_Chi_Minh,7.0,24,DL_FIRE_SV-C2_684281,12.2,108.6,2026-01-09
2026-01-10,1767978000,28.0,19.0,23.1,28.6,19.0,23.2,15.9,64.3,0.0,0.0,0.0,,0.0,0.0,27.4,31.8,19.0,1015.5,27.4,11.3,225.0,19.3,8.0,10.0,06:09:25,1768000165,17:36:47,1768041407,0.75,type_42,Variablecloud.,partly-cloudy-day,"VMI0000VVCR,VVCR,VMI0000VVNT",obs,"12.2,108.6",Asia/Ho_Chi_Minh,7.0,24,DL_FIRE_SV-C2_684281,12.2,108.6,2026-01-10
2026-01-11,1768064400,28.0,22.7,24.3,28.3,22.7,24.4,16.4,61.7,0.0,0.0,0.0,,0.0,0.0,39.6,37.1,7.3,1017.2,54.5,11.2,160.7,13.7,6.0,10.0,06:09:40,1768086580,17:37:21,1768127841,0.75,type_42,Clearingpm.,partly-cloudy-day,"VMI0000VVCR,VVCR,VMI0000VVNT",obs,"12.2,108.6",Asia/Ho_Chi_Minh,7.0,24,DL_FIRE_SV-C2_684281,12.2,108.6,2026-01-11
2026-01-12,1768150800,28.0,20.0,23.7,28.9,20.0,23.8,17.0,66.6,0.0,0.0,0.0,,0.0,0.0,27.0,33.5,14.5,1016.8,49.5,11.2,213.7,18.6,8.0,10.0,06:09:54,1768172994,17:37:53,1768214273,0.79,type_42,Clearingpm.,partly-cloudy-day,"VMI0000VVCR,VVCR,VMI0000VVNT",obs,"12.2,108.6",Asia/Ho_Chi_Minh,7.0,24,DL_FIRE_SV-C2_684281,12.2,108.6,2026-01-12
2026-01-13,1768237200,27.7,22.0,24.3,28.1,22.0,24.4,17.4,66.0,0.0,0.0,0.0,,0.0,0.0,26.6,35.3,17.5,1015.9,52.3,11.2,213.2,18.5,8.0,10.0,06:10:07,1768259407,17:38:26,1768300706,0.82,type_42,Clearingpm.,partly-cloudy-day,"VMI0000VVCR,VVCR,VMI0000VVNT",obs,"12.2,108.6",Asia/Ho_Chi_Minh,7.0,24,DL_FIRE_SV-C2_684281,12.2,108.6,2026-01-13
2026-01-14,1768323600,27.5,21.0,23.8,28.5,21.0,24.0,17.9,70.0,0.0,0.0,0.0,rain,0.0,0.0,24.8,27.7,15.8,1014.5,37.9,11.8,230.0,19.9,8.0,10.0,06:10:20,1768345820,17:38:59,1768387139,0.85,type_42,Variablecloud.,partly-cloudy-day,"VMI0000VVCR,VVCR,remote,VMI0000VVNT",obs,"12.2,108.6",Asia/Ho_Chi_Minh,7.0,24,DL_FIRE_SV-C2_684281,12.2,108.6,2026-01-14
2026-01-15,1768410000,28.0,19.0,23.7,28.9,19.0,23.9,18.3,72.7,0.0,0.0,0.0,,0.0,0.0,27.7,37.1,24.7,1013.8,9.7,11.2,253.1,21.7,9.0,10.0,06:10:31,1768432231,17:39:31,1768473571,0.88,type_43,Clear.,clear-day,"VMI0000VVCR,VVCR,VMI0000VVNT",obs,"12.2,108.6",Asia/Ho_Chi_Minh,7.0,24,DL_FIRE_SV-C2_684281,12.2,108.6,2026-01-15
2026-01-16,1768496400,28.0,13.1,23.5,28.5,13.1,23.7,18.0,72.6,0.0,0.0,0.0,,0.0,0.0,25.2,25.9,24.4,1012.7,58.8,10.7,259.6,22.5,9.0,10.0,06:10:41,1768518641,17:40:03,1768560003,0.92,type_42,Variablecloud.,partly-cloudy-day,"VMI0000VVCR,VVCR,remote,VMI0000VVNT",obs,"12.2,108.6",Asia/Ho_Chi_Minh,7.0,24,DL_FIRE_SV-C2_684281,12.2,108.6,2026-01-16
2026-01-17,1768582800,27.0,19.0,23.3,28.4,19.0,23.5,18.9,77.1,0.0,0.0,0.0,rain,0.0,0.0,32.8,29.5,35.0,1011.0,70.5,10.0,246.9,21.3,9.0,10.0,06:10:50,1768605050,17:40:34,1768646434,0.95,type_42,Variablecloud.,partly-cloudy-day,VVCR,obs,"12.2,108.6",Asia/Ho_Chi_Minh,7.0,24,DL_FIRE_SV-C2_684281,12.2,108.6,2026-01-17
2026-01-18,1768669200,28.0,20.0,23.9,29.6,20.0,24.1,18.4,72.5,0.0,0.0,0.0,,0.0,0.0,13.3,33.5,21.1,1010.5,84.0,10.0,255.5,22.1,9.0,10.0,06:10:58,1768691458,17:41:06,1768732866,0.98,type_42,Variablecloud.,partly-cloudy-day,VVCR,obs,"12.2,108.6",Asia/Ho_Chi_Minh,7.0,24,DL_FIRE_SV-C2_684281,12.2,108.6,2026-01-18
2026-01-19,1768755600,28.0,20.0,24.1,29.2,20.0,24.3,18.2,70.5,0.0,0.0,0.0,,0.0,0.0,14.4,25.9,11.5,1011.4,50.8,10.0,270.7,23.4,9.0,10.0,06:11:05,1768777865,17:41:37,1768819297,0.0,type_42,Variablecloud.,partly-cloudy-day,VVCR,obs,"12.2,108.6",Asia/Ho_Chi_Minh,7.0,24,DL_FIRE_SV-C2_684281,12.2,108.6,2026-01-19
2026-01-20,1768842000,28.0,18.0,23.4,29.2,18.0,23.6,17.3,69.5,0.0,0.0,0.0,,0.0,0.0,15.1,33.5,12.7,1012.8,42.8,10.0,264.1,22.9,9.0,10.0,06:11:11,1768864271,17:42:07,1768905727,0.05,type_42,Variablecloud.,partly-cloudy-day,VVCR,obs,"12.2,108.6",Asia/Ho_Chi_Minh,7.0,24,DL_FIRE_SV-C2_684281,12.2,108.6,2026-01-20
2026-01-21,1768928400,28.0,21.9,24.4,28.5,21.9,24.5,16.8,62.9,0.0,0.0,0.0,,0.0,0.0,14.0,37.1,9.5,1014.5,48.4,10.0,267.9,23.3,9.0,10.0,06:11:16,1768950676,17:42:37,1768992157,0.08,type_42,Variablecloud.,partly-cloudy-day,VVCR,obs,"12.2,108.6",Asia/Ho_Chi_Minh,7.0,24,DL_FIRE_SV-C2_684281,12.2,108.6,2026-01-21
2026-01-22,1769014800,27.0,21.9,24.1,28.4,21.9,24.2,18.5,71.2,0.5,100.0,20.83,rain,0.0,0.0,18.4,37.1,3.4,1015.9,61.1,9.9,230.3,19.8,8.0,10.0,06:11:19,1769037079,17:43:07,1769078587,0.12,"type_21, type_42",Variablecloud with raindefinite.,rain,VVCR,obs,"12.2,108.6",Asia/Ho_Chi_Minh,7.0,24,DL_FIRE_SV-C2_684281,12.2,108.6,2026-01-22
2026-01-23,1769101200,28.0,21.0,24.2,29.6,21.0,24.4,18.8,72.4,0.3,100.0,8.33,rain,0.0,0.0,18.0,33.5,7.8,1017.5,48.8,10.0,230.0,19.7,9.0,10.0,06:11:22,1769123482,17:43:36,1769165016,0.16,"type_21, type_42",Variablecloud with rainpm.,rain,VVCR,obs,"12.2,108.6",Asia/Ho_Chi_Minh,7.0,24,DL_FIRE_SV-C2_684281,12.2,108.6,2026-01-23
2026-01-24,1769187600,28.0,11.0,22.9,28.8,11.0,23.1,16.9,69.9,0.1,100.0,4.17,rain,0.0,0.0,12.6,31.7,25.5,1017.7,49.4,11.8,197.7,17.1,8.0,10.0,06:11:24,1769209884,17:44:05,1769251445,0.19,"type_21, type_42",Variablecloud with rainpm.,rain,"VVCR,remote",comb,"12.2,108.6",Asia/Ho_Chi_Minh,7.0,24,DL_FIRE_SV-C2_684281,12.2,108.6,2026-01-24
2026-01-25,1769274000,25.0,10.5,16.2,25.0,10.5,16.2,10.8,76.2,0.1,0.0,4.17,rain,0.0,0.0,12.6,9.4,66.1,1016.7,45.0,23.2,275.3,23.9,9.0,10.0,06:11:24,1769296284,17:44:33,1769337873,0.23,type_42,Variablecloud.,partly-cloudy-day,,fcst,"12.2,108.6",Asia/Ho_Chi_Minh,7.0,24,DL_FIRE_SV-C2_684281,12.2,108.6,2026-01-25
2026-01-26,1769360400,25.9,10.4,16.6,25.9,10.4,16.6,9.0,69.4,0.0,0.0,0.0,,0.0,0.0,13.0,9.7,70.1,1016.7,19.0,23.9,280.3,24.3,10.0,10.0,06:11:23,1769382683,17:45:01,1769424301,0.25,type_43,Clear.,clear-day,,fcst,"12.2,108.6",Asia/Ho_Chi_Minh,7.0,24,DL_FIRE_SV-C2_684281,12.2,108.6,2026-01-26
2026-01-27,1769446800,25.4,10.3,16.5,25.4,10.3,16.5,10.9,74.5,0.0,0.0,0.0,,0.0,0.0,13.3,11.2,49.0,1017.1,45.6,24.1,269.4,23.5,9.0,10.0,06:11:22,1769469082,17:45:28,1769510728,0.3,type_42,Variablecloud.,partly-cloudy-day,,fcst,"12.2,108.6",Asia/Ho_Chi_Minh,7.0,24,DL_FIRE_SV-C2_684281,12.2,108.6,2026-01-27
2026-01-28,1769533200,24.2,10.4,16.2,24.2,10.4,16.2,11.2,76.0,0.0,0.0,0.0,,0.0,0.0,16.9,11.5,55.6,1017.2,63.3,20.8,264.4,22.8,9.0,10.0,06:11:19,1769555479,17:45:55,1769597155,0.33,type_42,Variablecloud.,partly-cloudy-day,,fcst,"12.2,108.6",Asia/Ho_Chi_Minh,7.0,24,DL_FIRE_SV-C2_684281,12.2,108.6,2026-01-28
2026-01-29,1769619600,24.4,10.9,16.4,24.4,10.9,16.4,11.3,76.8,0.0,0.0,0.0,,0.0,0.0,12.2,10.1,60.8,1016.6,81.6,22.1,283.5,24.3,9.0,10.0,06:11:15,1769641875,17:46:21,1769683581,0.37,type_42,Variablecloud.,partly-cloudy-day,,fcst,"12.2,108.6",Asia/Ho_Chi_Minh,7.0,24,DL_FIRE_SV-C2_684281,12.2,108.6,2026-01-29
2026-01-30,1769706000,25.1,10.7,16.6,25.1,10.7,16.6,8.1,62.9,0.0,6.5,0.0,,0.0,0.0,8.6,9.0,74.8,1016.3,92.2,24.1,234.4,20.1,8.0,10.0,06:11:10,1769728270,17:46:46,1769770006,0.4,type_41,Overcast.,cloudy,,fcst,"12.2,108.6",Asia/Ho_Chi_Minh,7.0,24,DL_FIRE_SV-C2_684281,12.2,108.6,2026-01-30
2026-01-31,1769792400,26.1,11.9,17.7,26.1,11.9,17.7,9.5,63.0,1.1,19.4,12.5,rain,0.0,0.0,10.1,9.0,90.9,1016.4,83.4,24.1,206.4,18.0,9.0,10.0,06:11:04,1769814664,17:47:11,1769856431,0.44,type_42,Variablecloud.,partly-cloudy-day,,fcst,"12.2,108.6",Asia/Ho_Chi_Minh,7.0,24,DL_FIRE_SV-C2_684281,12.2,108.6,2026-01-31
2026-01-01,1767200400,29.0,20.0,24.7,29.1,20.0,24.8,16.8,62.6,0.0,0.0,0.0,,0.0,0.0,28.4,29.5,6.0,1012.2,14.1,11.3,236.4,20.4,8.0,10.0,06:05:40,1767222340,17:30:58,1767263458,0.42,type_43,Clear.,clear-day,"VMI0000VVCR,VVCR,VMI0000VVNT",obs,"12.2,108.8",Asia/Ho_Chi_Minh,7.0,24,DL_FIRE_SV-C2_684286,12.2,108.8,2026-01-01
2026-01-02,1767286800,28.0,22.9,25.0,29.7,22.9,25.3,18.0,65.5,1.3,100.0,33.33,rain,0.0,0.0,40.3,37.1,9.4,1014.9,41.2,11.3,162.2,14.0,6.0,10.0,06:06:03,1767308763,17:31:31,1767349891,0.46,"type_21, type_42",Variablecloud with rainampm.,rain,"VMI0000VVCR,VVCR,VMI0000VVNT",obs,"12.2,108.8",Asia/Ho_Chi_Minh,7.0,24,DL_FIRE_SV-C2_684286,12.2,108.8,2026-01-02
2026-01-03,1767373200,28.0,23.0,24.9,28.9,23.0,25.1,17.4,63.4,0.2,100.0,8.33,rain,0.0,0.0,42.8,35.3,5.2,1015.7,32.4,11.3,208.1,17.9,8.0,10.0,06:06:25,1767395185,17:32:05,1767436325,0.5,"type_21, type_42",Variablecloud with rainam.,rain,"VMI0000VVCR,VVCR,VMI0000VVNT",obs,"12.2,108.8",Asia/Ho_Chi_Minh,7.0,24,DL_FIRE_SV-C2_684286,12.2,108.8,2026-01-03
2026-01-04,1767459600,26.0,22.0,24.2,26.0,22.0,24.2,18.7,71.9,0.6,100.0,25.0,rain,0.0,0.0,35.3,25.9,350.6,1015.1,78.8,11.1,149.1,13.0,7.0,10.0,06:06:46,1767481606,17:32:38,1767522758,0.53,"type_21, type_42",Variablecloud with rainpm.,rain,"VMI0000VVCR,VVCR,VMI0000VVNT",obs,"12.2,108.8",Asia/Ho_Chi_Minh,7.0,24,DL_FIRE_SV-C2_684286,12.2,108.8,2026-01-04
2026-01-05,1767546000,27.0,23.5,24.9,28.2,23.5,25.0,19.1,70.4,1.6,100.0,37.5,rain,0.0,0.0,33.8,31.7,1.6,1015.4,89.7,11.3,109.6,9.5,4.0,10.0,06:07:07,1767568027,17:33:12,1767609192,0.56,"type_21, type_42",Variablecloud with rainallday.,rain,"VMI0000VVCR,VVCR,VMI0000VVNT",obs,"12.2,108.8",Asia/Ho_Chi_Minh,7.0,24,DL_FIRE_SV-C2_684286,12.2,108.8,2026-01-05
2026-01-06,1767632400,28.0,23.0,25.0,28.6,23.0,25.1,17.9,65.1,2.1,100.0,41.67,rain,0.0,0.0,63.0,40.7,11.6,1016.6,70.6,11.2,99.2,8.7,4.0,10.0,06:07:27,1767654447,17:33:46,1767695626,0.59,"type_21, type_42",Variablecloud with raindefinite.,rain,"VMI0000VVCR,VVCR,VMI0000VVNT",obs,"12.2,108.8",Asia/Ho_Chi_Minh,7.0,24,DL_FIRE_SV-C2_684286,12.2,108.8,2026-01-06
2026-01-07,1767718800,26.0,22.9,24.2,26.0,22.9,24.2,16.6,62.7,0.6,100.0,25.0,rain,0.0,0.0,57.6,44.6,11.1,1017.9,65.3,11.3,138.0,11.9,5.0,10.0,06:07:46,1767740866,17:34:19,1767782059,0.62,"type_21, type_42",Variablecloud with rainampm.,rain,"VMI0000VVCR,VVCR,VMI0000VVNT",obs,"12.2,108.8",Asia/Ho_Chi_Minh,7.0,24,DL_FIRE_SV-C2_684286,12.2,108.8,2026-01-07
2026-01-08,1767805200,26.5,21.9,23.6,26.5,21.9,23.6,15.0,59.0,0.0,0.0,0.0,rain,0.0,0.0,53.6,40.7,3.0,1018.3,51.3,11.4,183.9,15.9,7.0,10.0,06:08:04,1767827284,17:34:53,1767868493,0.66,type_42,Variablecloud.,partly-cloudy-day,"VMI0000VVCR,VVCR,VMI0000VVNT",obs,"12.2,108.8",Asia/Ho_Chi_Minh,7.0,24,DL_FIRE_SV-C2_684286,12.2,108.8,2026-01-08
2026-01-09,1767891600,27.0,20.0,23.1,27.0,20.0,23.1,13.7,56.0,0.0,0.0,0.0,,0.0,0.0,34.6,40.7,354.0,1017.0,25.5,11.2,195.4,17.0,7.0,10.0,06:08:21,1767913701,17:35:26,1767954926,0.69,type_42,Variablecloud.,partly-cloudy-day,"VMI0000VVCR,VVCR,VMI0000VVNT",obs,"12.2,108.8",Asia/Ho_Chi_Minh,7.0,24,DL_FIRE_SV-C2_684286,12.2,108.8,2026-01-09
2026-01-10,1767978000,28.0,19.0,23.1,28.6,19.0,23.3,15.9,64.3,0.0,0.0,0.0,,0.0,0.0,27.4,31.7,19.1,1015.5,28.0,11.4,210.2,18.1,7.0,10.0,06:08:37,1768000117,17:35:59,1768041359,0.75,type_42,Variablecloud.,partly-cloudy-day,"VMI0000VVCR,VVCR,VMI0000VVNT",obs,"12.2,108.8",Asia/Ho_Chi_Minh,7.0,24,DL_FIRE_SV-C2_684286,12.2,108.8,2026-01-10
2026-01-11,1768064400,28.0,22.7,24.3,28.3,22.7,24.4,16.4,61.8,0.3,100.0,12.5,rain,0.0,0.0,34.2,37.1,7.3,1017.2,54.9,11.3,146.8,12.7,5.0,10.0,06:08:52,1768086532,17:36:33,1768127793,0.75,"type_21, type_42",Variablecloud with rainclearinglater.,rain,"VMI0000VVCR,VVCR,VMI0000VVNT",obs,"12.2,108.8",Asia/Ho_Chi_Minh,7.0,24,DL_FIRE_SV-C2_684286,12.2,108.8,2026-01-11
2026-01-12,1768150800,28.0,20.0,23.7,28.9,20.0,23.8,17.0,66.6,0.0,0.0,0.0,,0.0,0.0,27.4,33.5,14.6,1016.8,49.9,11.3,191.3,16.6,6.0,10.0,06:09:06,1768172946,17:37:05,1768214225,0.79,type_42,Clearingpm.,partly-cloudy-day,"VMI0000VVCR,VVCR,VMI0000VVNT",obs,"12.2,108.8",Asia/Ho_Chi_Minh,7.0,24,DL_FIRE_SV-C2_684286,12.2,108.8,2026-01-12
2026-01-13,1768237200,27.7,22.0,24.3,28.1,22.0,24.4,17.4,66.1,0.0,0.0,0.0,,0.0,0.0,27.4,35.3,17.6,1015.9,52.7,11.3,207.3,17.9,7.0,10.0,06:09:19,1768259359,17:37:38,1768300658,0.82,type_42,Variablecloud.,partly-cloudy-day,"VMI0000VVCR,VVCR,VMI0000VVNT",obs,"12.2,108.8",Asia/Ho_Chi_Minh,7.0,24,DL_FIRE_SV-C2_684286,12.2,108.8,2026-01-13
2026-01-14,1768323600,27.4,21.0,23.8,28.5,21.0,24.0,18.0,70.1,0.0,0.0,0.0,rain,0.0,0.0,25.2,27.7,16.2,1014.5,37.9,11.9,206.6,17.7,7.0,10.0,06:09:32,1768345772,17:38:11,1768387091,0.85,type_42,Variablecloud.,partly-cloudy-day,"VMI0000VVCR,VVCR,remote,VMI0000VVNT",obs,"12.2,108.8",Asia/Ho_Chi_Minh,7.0,24,DL_FIRE_SV-C2_684286,12.2,108.8,2026-01-14
2026-01-15,1768410000,28.0,19.0,23.7,28.9,19.0,23.9,18.4,72.8,0.0,0.0,0.0,,0.0,0.0,26.6,37.1,24.8,1013.8,9.8,11.3,251.2,21.7,9.0,10.0,06:09:43,1768432183,17:38:43,1768473523,0.88,type_43,Clear.,clear-day,"VMI0000VVCR,VVCR,VMI0000VVNT",obs,"12.2,108.8",Asia/Ho_Chi_Minh,7.0,24,DL_FIRE_SV-C2_684286,12.2,108.8,2026-01-15
2026-01-16,1768496400,28.0,14.9,23.6,28.5,14.9,23.7,18.1,72.6,0.0,0.0,0.0,,0.0,0.0,23.8,25.9,23.7,1012.6,62.5,10.8,257.8,22.4,9.0,10.0,06:09:53,1768518593,17:39:15,1768559955,0.92,type_42,Variablecloud.,partly-cloudy-day,"VMI0000VVCR,VVCR,remote,VMI0000VVNT",obs,"12.2,108.8",Asia/Ho_Chi_Minh,7.0,24,DL_FIRE_SV-C2_684286,12.2,108.8,2026-01-16
2026-01-17,1768582800,27.0,19.0,23.3,28.4,19.0,23.5,18.9,77.1,0.0,0.0,0.0,,0.0,0.0,30.2,29.5,34.7,1011.0,69.9,10.0,245.0,21.0,9.0,10.0,06:10:02,1768605002,17:39:46,1768646386,0.95,type_42,Variablecloud.,partly-cloudy-day,VVCR,obs,"12.2,108.8",Asia/Ho_Chi_Minh,7.0,24,DL_FIRE_SV-C2_684286,12.2,108.8,2026-01-17
2026-01-18,1768669200,28.0,20.0,23.9,29.6,20.0,24.1,18.4,72.5,0.0,0.0,0.0,,0.0,0.0,15.5,33.5,20.3,1010.5,92.3,10.0,243.5,21.1,9.0,10.0,06:10:10,1768691410,17:40:18,1768732818,0.98,type_41,Overcast.,cloudy,VVCR,obs,"12.2,108.8",Asia/Ho_Chi_Minh,7.0,24,DL_FIRE_SV-C2_684286,12.2,108.8,2026-01-18
2026-01-19,1768755600,28.0,20.0,24.1,29.2,20.0,24.3,18.2,70.5,0.0,0.0,0.0,,0.0,0.0,11.9,25.9,10.3,1011.4,54.0,10.0,268.4,23.2,9.0,10.0,06:10:17,1768777817,17:40:49,1768819249,0.0,type_42,Variablecloud.,partly-cloudy-day,VVCR,obs,"12.2,108.8",Asia/Ho_Chi_Minh,7.0,24,DL_FIRE_SV-C2_684286,12.2,108.8,2026-01-19
2026-01-20,1768842000,28.0,18.0,23.4,29.2,18.0,23.6,17.3,69.5,0.0,0.0,0.0,rain,0.0,0.0,11.2,33.5,12.7,1012.8,52.4,10.0,260.9,22.6,9.0,10.0,06:10:23,1768864223,17:41:19,1768905679,0.05,type_42,Variablecloud.,partly-cloudy-day,VVCR,obs,"12.2,108.8",Asia/Ho_Chi_Minh,7.0,24,DL_FIRE_SV-C2_684286,12.2,108.8,2026-01-20
2026-01-21,1768928400,28.0,22.0,24.4,28.5,22.0,24.5,16.8,62.9,0.1,100.0,4.17,rain,0.0,0.0,10.4,37.1,9.5,1014.5,50.7,10.0,219.8,19.1,9.0,10.0,06:10:28,1768950628,17:41:49,1768992109,0.08,"type_21, type_42",Variablecloud with rainpm.,rain,VVCR,obs,"12.2,108.8",Asia/Ho_Chi_Minh,7.0,24,DL_FIRE_SV-C2_684286,12.2,108.8,2026-01-21
2026-01-22,1769014800,27.0,22.0,24.1,28.4,22.0,24.2,18.5,71.2,1.5,100.0,33.33,rain,0.0,0.0,17.3,37.1,3.4,1015.9,61.1,9.9,185.9,15.9,8.0,10.0,06:10:31,1769037031,17:42:19,1769078539,0.12,"type_21, type_42",Variablecloud with raindefinite.,rain,VVCR,obs,"12.2,108.8",Asia/Ho_Chi_Minh,7.0,24,DL_FIRE_SV-C2_684286,12.2,108.8,2026-01-22
2026-01-23,1769101200,28.0,21.0,24.2,29.6,21.0,24.4,18.8,72.4,0.6,100.0,16.67,rain,0.0,0.0,12.6,33.5,7.8,1017.5,47.1,10.0,216.2,18.5,8.0,10.0,06:10:34,1769123434,17:42:48,1769164968,0.16,"type_21, type_42",Variablecloud with raindefinite.,rain,VVCR,obs,"12.2,108.8",Asia/Ho_Chi_Minh,7.0,24,DL_FIRE_SV-C2_684286,12.2,108.8,2026-01-23
2026-01-24,1769187600,28.0,12.7,23.1,28.8,12.7,23.3,17.1,69.9,0.4,100.0,16.67,rain,0.0,0.0,9.0,31.7,23.2,1017.7,48.0,10.0,157.8,13.6,8.0,10.0,06:10:36,1769209836,17:43:17,1769251397,0.19,"type_21, type_42",Variablecloud with rainampm.,rain,"VVCR,remote",comb,"12.2,108.8",Asia/Ho_Chi_Minh,7.0,24,DL_FIRE_SV-C2_684286,12.2,108.8,2026-01-24
2026-01-25,1769274000,23.7,11.0,16.6,23.7,11.0,16.6,12.4,80.0,0.1,3.2,4.17,rain,0.0,0.0,9.4,9.7,72.8,1017.3,63.6,17.2,273.2,23.8,9.0,10.0,06:10:36,1769296236,17:43:45,1769337825,0.23,type_42,Clearingpm.,partly-cloudy-day,,fcst,"12.2,108.8",Asia/Ho_Chi_Minh,7.0,24,DL_FIRE_SV-C2_684286,12.2,108.8,2026-01-25
2026-01-26,1769360400,24.6,11.1,16.7,24.6,11.1,16.7,11.3,75.8,0.0,0.0,0.0,,0.0,0.0,10.4,9.4,71.5,1017.4,26.7,22.8,277.6,24.0,10.0,10.0,06:10:35,1769382635,17:44:13,1769424253,0.25,type_42,Clearingpm.,partly-cloudy-day,,fcst,"12.2,108.8",Asia/Ho_Chi_Minh,7.0,24,DL_FIRE_SV-C2_684286,12.2,108.8,2026-01-26
2026-01-27,1769446800,25.1,11.5,17.1,25.1,11.5,17.1,12.7,79.0,0.0,0.0,0.0,,0.0,0.0,12.2,9.7,11.3,1017.3,45.9,20.5,262.8,22.7,9.0,10.0,06:10:34,1769469034,17:44:40,1769510680,0.3,type_42,Variablecloud.,partly-cloudy-day,,fcst,"12.2,108.8",Asia/Ho_Chi_Minh,7.0,24,DL_FIRE_SV-C2_684286,12.2,108.8,2026-01-27
2026-01-28,1769533200,23.5,11.9,16.7,23.5,11.9,16.7,13.0,81.2,0.5,9.7,16.67,rain,0.0,0.0,10.1,10.4,45.3,1017.9,66.2,19.2,244.4,21.1,9.0,10.0,06:10:31,1769555431,17:45:07,1769597107,0.33,type_42,Variablecloud.,partly-cloudy-day,,fcst,"12.2,108.8",Asia/Ho_Chi_Minh,7.0,24,DL_FIRE_SV-C2_684286,12.2,108.8,2026-01-28
2026-01-29,1769619600,22.8,12.8,16.9,22.8,12.8,16.9,13.2,81.8,0.0,3.2,0.0,,0.0,0.0,7.9,8.3,69.4,1017.1,79.5,20.0,245.5,21.1,9.0,10.0,06:10:27,1769641827,17:45:33,1769683533,0.37,type_42,Variablecloud.,partly-cloudy-day,,fcst,"12.2,108.8",Asia/Ho_Chi_Minh,7.0,24,DL_FIRE_SV-C2_684286,12.2,108.8,2026-01-29
2026-01-30,1769706000,24.1,11.7,16.9,24.1,11.7,16.9,11.0,72.7,0.0,0.0,0.0,,0.0,0.0,7.2,7.9,113.1,1016.8,99.0,24.1,223.1,19.2,7.0,10.0,06:10:22,1769728222,17:45:58,1769769958,0.4,type_41,Overcast.,cloudy,,fcst,"12.2,108.8",Asia/Ho_Chi_Minh,7.0,24,DL_FIRE_SV-C2_684286,12.2,108.8,2026-01-30
2026-01-31,1769792400,23.7,12.6,17.8,23.7,12.6,17.8,12.2,71.5,0.4,12.9,8.33,rain,0.0,0.0,10.1,7.6,113.6,1016.7,87.1,18.9,196.5,17.1,7.0,10.0,06:10:16,1769814616,17:46:23,1769856383,0.44,type_42,Variablecloud.,partly-cloudy-day,,fcst,"12.2,108.8",Asia/Ho_Chi_Minh,7.0,24,DL_FIRE_SV-C2_684286,12.2,108.8,2026-01-31
2026-01-01,1767200400,29.0,20.0,24.7,29.1,20.0,24.9,16.8,62.5,0.0,0.0,0.0,,0.0,0.0,40.7,29.5,5.6,1012.2,13.8,11.0,230.7,19.9,8.0,10.0,06:04:41,1767222281,17:30:21,1767263421,0.42,type_43,Clear.,clear-day,"VMI0000VVCR,VVCR,VMI0000VVNT",obs,"12.1,109.0",Asia/Ho_Chi_Minh,7.0,24,DL_FIRE_SV-C2_684287,12.1,109.0,2026-01-01
2026-01-02,1767286800,28.0,22.9,25.0,29.7,22.9,25.3,18.0,65.3,0.3,100.0,12.5,rain,0.0,0.0,54.4,37.1,9.1,1014.9,40.7,11.0,163.5,14.0,6.0,10.0,06:05:04,1767308704,17:30:54,1767349854,0.46,"type_21, type_42",Variablecloud with rainampm.,rain,"VMI0000VVCR,VVCR,VMI0000VVNT",obs,"12.1,109.0",Asia/Ho_Chi_Minh,7.0,24,DL_FIRE_SV-C2_684287,12.1,109.0,2026-01-02
2026-01-03,1767373200,28.0,23.0,24.9,28.9,23.0,25.1,17.4,63.2,0.1,100.0,4.17,rain,0.0,0.0,56.5,35.3,5.2,1015.7,32.1,11.0,211.3,18.2,8.0,10.0,06:05:26,1767395126,17:31:27,1767436287,0.5,"type_21, type_42",Variablecloud with rainam.,rain,"VMI0000VVCR,VVCR,VMI0000VVNT",obs,"12.1,109.0",Asia/Ho_Chi_Minh,7.0,24,DL_FIRE_SV-C2_684287,12.1,109.0,2026-01-03
2026-01-04,1767459600,26.0,22.0,24.2,26.0,22.0,24.2,18.7,71.6,0.1,100.0,4.17,rain,0.0,0.0,49.0,25.9,350.8,1015.1,79.0,10.8,157.3,13.5,6.0,10.0,06:05:48,1767481548,17:32:01,1767522721,0.53,"type_21, type_42",Variablecloud with rainpm.,rain,"VMI0000VVCR,VVCR,VMI0000VVNT",obs,"12.1,109.0",Asia/Ho_Chi_Minh,7.0,24,DL_FIRE_SV-C2_684287,12.1,109.0,2026-01-04
2026-01-05,1767546000,27.0,23.6,24.9,28.2,23.6,25.0,19.0,70.1,1.0,100.0,33.33,rain,0.0,0.0,51.5,31.7,1.7,1015.4,89.8,11.0,133.7,11.4,6.0,10.0,06:06:09,1767567969,17:32:34,1767609154,0.56,"type_21, type_42",Variablecloud with raindefinite.,rain,"VMI0000VVCR,VVCR,VMI0000VVNT",obs,"12.1,109.0",Asia/Ho_Chi_Minh,7.0,24,DL_FIRE_SV-C2_684287,12.1,109.0,2026-01-05
2026-01-06,1767632400,28.0,23.0,25.0,28.6,23.0,25.2,17.9,65.0,3.5,100.0,58.33,rain,0.0,0.0,63.0,40.7,11.3,1016.6,70.5,10.9,92.5,8.0,4.0,10.0,06:06:28,1767654388,17:33:08,1767695588,0.59,"type_21, type_42",Variablecloud with rainallday.,rain,"VMI0000VVCR,VVCR,VMI0000VVNT",obs,"12.1,109.0",Asia/Ho_Chi_Minh,7.0,24,DL_FIRE_SV-C2_684287,12.1,109.0,2026-01-06
2026-01-07,1767718800,26.0,22.9,24.2,26.0,22.9,24.2,16.5,62.5,1.3,100.0,33.33,rain,0.0,0.0,62.6,44.6,10.9,1017.9,63.4,11.0,149.7,12.8,6.0,10.0,06:06:47,1767740807,17:33:41,1767782021,0.62,"type_21, type_42",Variablecloud with rainampm.,rain,"VMI0000VVCR,VVCR,VMI0000VVNT",obs,"12.1,109.0",Asia/Ho_Chi_Minh,7.0,24,DL_FIRE_SV-C2_684287,12.1,109.0,2026-01-07
2026-01-08,1767805200,26.5,21.9,23.6,26.5,21.9,23.6,15.0,58.8,0.5,100.0,16.67,rain,0.0,0.0,59.8,40.7,2.7,1018.3,50.1,11.1,188.5,16.3,7.0,10.0,06:07:05,1767827225,17:34:15,1767868455,0.66,"type_21, type_42",Variablecloud with rainam.,rain,"VMI0000VVCR,VVCR,VMI0000VVNT",obs,"12.1,109.0",Asia/Ho_Chi_Minh,7.0,24,DL_FIRE_SV-C2_684287,12.1,109.0,2026-01-08
2026-01-09,1767891600,27.0,20.0,23.1,27.0,20.0,23.1,13.7,55.9,0.0,0.0,0.0,,0.0,0.0,54.0,40.7,354.1,1017.0,24.9,10.9,201.1,17.2,7.0,10.0,06:07:23,1767913643,17:34:48,1767954888,0.69,type_42,Variablecloud.,partly-cloudy-day,"VMI0000VVCR,VVCR,VMI0000VVNT",obs,"12.1,109.0",Asia/Ho_Chi_Minh,7.0,24,DL_FIRE_SV-C2_684287,12.1,109.0,2026-01-09
2026-01-10,1767978000,28.0,19.0,23.1,28.6,19.0,23.3,15.8,64.3,0.0,0.0,0.0,,0.0,0.0,40.0,32.0,18.8,1015.5,26.4,11.1,215.0,18.7,7.0,10.0,06:07:39,1768000059,17:35:21,1768041321,0.75,type_42,Variablecloud.,partly-cloudy-day,"VMI0000VVCR,VVCR,VMI0000VVNT",obs,"12.1,109.0",Asia/Ho_Chi_Minh,7.0,24,DL_FIRE_SV-C2_684287,12.1,109.0,2026-01-10
2026-01-11,1768064400,28.0,22.7,24.3,28.3,22.7,24.4,16.4,61.6,0.0,0.0,0.0,,0.0,0.0,52.9,37.1,7.4,1017.2,53.8,11.0,166.4,14.5,6.0,10.0,06:07:54,1768086474,17:35:54,1768127754,0.75,type_42,Clearingpm.,partly-cloudy-day,"VMI0000VVCR,VVCR,VMI0000VVNT",obs,"12.1,109.0",Asia/Ho_Chi_Minh,7.0,24,DL_FIRE_SV-C2_684287,12.1,109.0,2026-01-11
2026-01-12,1768150800,28.0,20.0,23.7,28.9,20.0,23.8,17.0,66.5,0.0,0.0,0.0,,0.0,0.0,40.7,33.5,14.3,1016.8,48.7,11.0,195.1,16.7,6.0,10.0,06:08:08,1768172888,17:36:27,1768214187,0.79,type_42,Clearingpm.,partly-cloudy-day,"VMI0000VVCR,VVCR,VMI0000VVNT",obs,"12.1,109.0",Asia/Ho_Chi_Minh,7.0,24,DL_FIRE_SV-C2_684287,12.1,109.0,2026-01-12
2026-01-13,1768237200,27.7,22.0,24.2,28.1,22.0,24.3,17.3,65.9,0.0,0.0,0.0,,0.0,0.0,39.6,35.3,17.2,1015.9,51.5,11.0,216.5,18.8,7.0,10.0,06:08:22,1768259302,17:37:00,1768300620,0.82,type_42,Clearingpm.,partly-cloudy-day,"VMI0000VVCR,VVCR,VMI0000VVNT",obs,"12.1,109.0",Asia/Ho_Chi_Minh,7.0,24,DL_FIRE_SV-C2_684287,12.1,109.0,2026-01-13
2026-01-14,1768323600,27.6,21.0,23.9,28.6,21.0,24.1,18.0,70.0,0.0,0.0,0.0,,0.0,0.0,36.4,27.7,16.3,1014.5,38.5,11.6,200.7,17.3,7.0,10.0,06:08:34,1768345714,17:37:32,1768387052,0.85,type_42,Variablecloud.,partly-cloudy-day,"VMI0000VVCR,VVCR,remote,VMI0000VVNT",obs,"12.1,109.0",Asia/Ho_Chi_Minh,7.0,24,DL_FIRE_SV-C2_684287,12.1,109.0,2026-01-14
2026-01-15,1768410000,28.0,19.0,23.7,28.9,19.0,23.9,18.3,72.6,0.0,0.0,0.0,,0.0,0.0,40.0,37.1,24.3,1013.8,9.5,11.0,247.8,21.6,9.0,10.0,06:08:45,1768432125,17:38:05,1768473485,0.88,type_43,Clear.,clear-day,"VMI0000VVCR,VVCR,VMI0000VVNT",obs,"12.1,109.0",Asia/Ho_Chi_Minh,7.0,24,DL_FIRE_SV-C2_684287,12.1,109.0,2026-01-15
2026-01-16,1768496400,28.0,18.0,23.7,28.5,18.0,23.9,18.2,72.6,0.0,0.0,0.0,,0.0,0.0,29.5,25.9,23.6,1012.6,65.8,10.7,253.8,22.0,9.0,10.0,06:08:55,1768518535,17:38:36,1768559916,0.92,type_42,Variablecloud.,partly-cloudy-day,"VMI0000VVCR,VVCR,remote,VMI0000VVNT",obs,"12.1,109.0",Asia/Ho_Chi_Minh,7.0,24,DL_FIRE_SV-C2_684287,12.1,109.0,2026-01-16
2026-01-17,1768582800,27.0,19.0,23.3,28.4,19.0,23.5,18.9,77.1,0.0,0.0,0.0,,0.0,0.0,32.4,29.5,34.5,1011.0,70.4,10.0,245.2,21.2,9.0,10.0,06:09:04,1768604944,17:39:08,1768646348,0.95,type_42,Variablecloud.,partly-cloudy-day,VVCR,obs,"12.1,109.0",Asia/Ho_Chi_Minh,7.0,24,DL_FIRE_SV-C2_684287,12.1,109.0,2026-01-17
2026-01-18,1768669200,28.0,20.0,23.9,29.6,20.0,24.1,18.4,72.5,0.0,0.0,0.0,,0.0,0.0,18.4,33.5,20.6,1010.5,92.0,10.0,242.8,20.9,9.0,10.0,06:09:13,1768691353,17:39:39,1768732779,0.98,type_41,Overcast.,cloudy,VVCR,obs,"12.1,109.0",Asia/Ho_Chi_Minh,7.0,24,DL_FIRE_SV-C2_684287,12.1,109.0,2026-01-18
2026-01-19,1768755600,28.0,20.0,24.1,29.2,20.0,24.3,18.2,70.5,0.0,0.0,0.0,rain,0.0,0.0,15.1,25.9,10.5,1011.4,52.8,10.0,264.5,22.9,9.0,10.0,06:09:20,1768777760,17:40:10,1768819210,0.0,type_42,Variablecloud.,partly-cloudy-day,VVCR,obs,"12.1,109.0",Asia/Ho_Chi_Minh,7.0,24,DL_FIRE_SV-C2_684287,12.1,109.0,2026-01-19
2026-01-20,1768842000,28.0,18.0,23.4,29.2,18.0,23.6,17.3,69.5,0.0,0.0,0.0,,0.0,0.0,16.2,33.5,12.7,1012.8,33.3,10.0,265.5,22.9,9.0,10.0,06:09:26,1768864166,17:40:40,1768905640,0.05,type_42,Variablecloud.,partly-cloudy-day,VVCR,obs,"12.1,109.0",Asia/Ho_Chi_Minh,7.0,24,DL_FIRE_SV-C2_684287,12.1,109.0,2026-01-20
2026-01-21,1768928400,28.0,22.0,24.4,28.5,22.0,24.5,16.8,62.9,0.0,0.0,0.0,rain,0.0,0.0,19.1,37.1,9.5,1014.5,44.1,10.0,254.3,22.0,9.0,10.0,06:09:31,1768950571,17:41:10,1768992070,0.08,type_42,Variablecloud.,partly-cloudy-day,VVCR,obs,"12.1,109.0",Asia/Ho_Chi_Minh,7.0,24,DL_FIRE_SV-C2_684287,12.1,109.0,2026-01-21
2026-01-22,1769014800,27.0,22.0,24.1,28.4,22.0,24.2,18.5,71.2,0.5,100.0,16.67,rain,0.0,0.0,26.3,37.1,3.4,1015.9,61.1,9.9,202.8,17.5,7.0,10.0,06:09:34,1769036974,17:41:40,1769078500,0.12,"type_21, type_42",Variablecloud with rainampm.,rain,VVCR,obs,"12.1,109.0",Asia/Ho_Chi_Minh,7.0,24,DL_FIRE_SV-C2_684287,12.1,109.0,2026-01-22
2026-01-23,1769101200,28.0,21.0,24.2,29.6,21.0,24.4,18.8,72.4,0.1,100.0,4.17,rain,0.0,0.0,21.2,33.5,7.8,1017.5,47.7,10.0,240.1,20.6,8.0,10.0,06:09:37,1769123377,17:42:09,1769164929,0.16,"type_21, type_42",Variablecloud with rainpm.,rain,VVCR,obs,"12.1,109.0",Asia/Ho_Chi_Minh,7.0,24,DL_FIRE_SV-C2_684287,12.1,109.0,2026-01-23
2026-01-24,1769187600,28.0,15.6,23.5,28.8,15.6,23.7,17.4,69.3,0.4,100.0,16.67,rain,0.0,0.0,16.2,31.7,22.6,1017.5,49.5,11.8,203.7,17.5,8.0,10.0,06:09:39,1769209779,17:42:37,1769251357,0.19,"type_21, type_42",Variablecloud with rainampm.,rain,"VVCR,remote",comb,"12.1,109.0",Asia/Ho_Chi_Minh,7.0,24,DL_FIRE_SV-C2_684287,12.1,109.0,2026-01-24
2026-01-25,1769274000,25.2,14.5,18.9,25.2,14.5,18.9,15.0,80.2,0.0,3.2,0.0,,0.0,0.0,14.0,13.0,22.9,1016.5,49.6,24.1,267.5,23.2,9.0,10.0,06:09:39,1769296179,17:43:06,1769337786,0.23,type_42,Clearingpm.,partly-cloudy-day,,fcst,"12.1,109.0",Asia/Ho_Chi_Minh,7.0,24,DL_FIRE_SV-C2_684287,12.1,109.0,2026-01-25
2026-01-26,1769360400,26.0,14.9,19.4,26.0,14.9,19.4,15.0,79.0,0.0,0.0,0.0,,0.0,0.0,13.7,12.6,16.1,1016.2,16.4,24.1,272.2,23.5,9.0,10.0,06:09:39,1769382579,17:43:33,1769424213,0.25,type_43,Clear.,clear-day,,fcst,"12.1,109.0",Asia/Ho_Chi_Minh,7.0,24,DL_FIRE_SV-C2_684287,12.1,109.0,2026-01-26
2026-01-27,1769446800,25.7,14.9,19.4,25.7,14.9,19.4,15.8,81.5,0.0,0.0,0.0,,0.0,0.0,15.8,13.3,16.5,1016.3,36.2,24.1,256.3,22.2,9.0,10.0,06:09:37,1769468977,17:44:00,1769510640,0.3,type_42,Cloudierpm.,partly-cloudy-day,,fcst,"12.1,109.0",Asia/Ho_Chi_Minh,7.0,24,DL_FIRE_SV-C2_684287,12.1,109.0,2026-01-27
2026-01-28,1769533200,25.2,15.1,19.1,25.2,15.1,19.1,15.6,81.8,0.5,9.7,16.67,rain,0.0,0.0,24.8,15.5,9.8,1016.5,57.2,24.0,218.5,18.9,9.0,10.0,06:09:35,1769555375,17:44:27,1769597067,0.33,type_42,Variablecloud.,partly-cloudy-day,,fcst,"12.1,109.0",Asia/Ho_Chi_Minh,7.0,24,DL_FIRE_SV-C2_684287,12.1,109.0,2026-01-28
2026-01-29,1769619600,24.2,15.7,19.3,24.2,15.7,19.3,15.7,81.3,0.1,3.2,4.17,rain,0.0,0.0,16.6,12.2,15.2,1016.2,72.2,24.1,227.9,19.7,8.0,10.0,06:09:31,1769641771,17:44:53,1769683493,0.37,type_42,Variablecloud.,partly-cloudy-day,,fcst,"12.1,109.0",Asia/Ho_Chi_Minh,7.0,24,DL_FIRE_SV-C2_684287,12.1,109.0,2026-01-29
2026-01-30,1769706000,26.3,15.1,19.4,26.3,15.1,19.4,14.7,76.6,0.0,0.0,0.0,,0.0,0.0,11.9,10.4,6.2,1015.6,93.3,24.1,231.1,19.8,8.0,10.0,06:09:26,1769728166,17:45:18,1769769918,0.4,type_41,Overcast.,cloudy,,fcst,"12.1,109.0",Asia/Ho_Chi_Minh,7.0,24,DL_FIRE_SV-C2_684287,12.1,109.0,2026-01-30
2026-01-31,1769792400,27.4,15.9,20.7,28.2,15.9,20.8,15.7,74.3,0.1,12.9,4.17,rain,0.0,0.0,11.9,11.2,23.7,1015.5,80.9,22.7,238.8,20.4,8.0,10.0,06:09:20,1769814560,17:45:43,1769856343,0.44,type_42,Variablecloud.,partly-cloudy-day,,fcst,"12.1,109.0",Asia/Ho_Chi_Minh,7.0,24,DL_FIRE_SV-C2_684287,12.1,109.0,2026-01-31
2026-01-01,1767200400,22.9,13.0,17.3,22.9,13.0,17.3,12.6,76.1,0.0,0.0,0.0,,0.0,0.0,25.6,7.2,16.7,1013.9,57.2,20.7,237.2,20.5,9.0,10.0,06:06:44,1767222404,17:33:06,1767263586,0.42,type_42,Variablecloud.,partly-cloudy-day,remote,obs,"11.9,108.4",Asia/Ho_Chi_Minh,7.0,24,DL_FIRE_SV-C2_684288,11.9,108.4,2026-01-01
2026-01-02,1767286800,20.6,13.5,16.5,20.6,13.5,16.5,13.1,81.1,0.2,100.0,8.33,rain,0.0,0.0,53.6,19.4,35.5,1016.5,81.0,20.7,202.2,17.6,7.0,10.0,06:07:07,1767308827,17:33:39,1767350019,0.46,"type_21, type_42",Variablecloud with rainpm.,rain,remote,obs,"11.9,108.4",Asia/Ho_Chi_Minh,7.0,24,DL_FIRE_SV-C2_684288,11.9,108.4,2026-01-02
2026-01-03,1767373200,20.0,13.5,16.2,20.0,13.5,16.2,12.5,79.6,0.0,0.0,0.0,,0.0,0.0,51.8,18.7,34.1,1017.5,78.1,21.4,234.6,20.2,8.0,10.0,06:07:29,1767395249,17:34:12,1767436452,0.5,type_42,Variablecloud.,partly-cloudy-day,remote,obs,"11.9,108.4",Asia/Ho_Chi_Minh,7.0,24,DL_FIRE_SV-C2_684288,11.9,108.4,2026-01-03
2026-01-04,1767459600,22.0,13.8,17.2,22.0,13.8,17.2,14.6,85.6,0.0,0.0,0.0,rain,0.0,0.0,46.8,15.8,39.0,1017.0,97.2,18.5,188.7,16.2,8.0,10.0,06:07:51,1767481671,17:34:46,1767522886,0.53,type_41,Overcast.,cloudy,remote,obs,"11.9,108.4",Asia/Ho_Chi_Minh,7.0,24,DL_FIRE_SV-C2_684288,11.9,108.4,2026-01-04
2026-01-05,1767546000,20.7,16.1,17.7,20.7,16.1,17.7,15.6,88.0,0.0,0.0,0.0,rain,0.0,0.0,38.9,14.0,35.6,1017.3,98.6,8.9,127.4,11.0,5.0,10.0,06:08:12,1767568092,17:35:19,1767609319,0.56,type_41,Overcast.,cloudy,remote,obs,"11.9,108.4",Asia/Ho_Chi_Minh,7.0,24,DL_FIRE_SV-C2_684288,11.9,108.4,2026-01-05
2026-01-06,1767632400,19.9,14.6,16.6,19.9,14.6,16.6,14.2,86.0,0.0,0.0,0.0,rain,0.0,0.0,51.8,16.6,36.3,1018.3,99.0,12.2,113.6,9.9,4.0,10.0,06:08:32,1767654512,17:35:53,1767695753,0.59,type_41,Overcast.,cloudy,remote,obs,"11.9,108.4",Asia/Ho_Chi_Minh,7.0,24,DL_FIRE_SV-C2_684288,11.9,108.4,2026-01-06
2026-01-07,1767718800,19.5,13.7,15.8,19.5,13.7,15.8,13.1,84.3,0.0,0.0,0.0,,0.0,0.0,53.3,17.6,35.6,1019.2,86.2,15.3,188.9,16.4,7.0,10.0,06:08:51,1767740931,17:36:26,1767782186,0.62,type_42,Variablecloud.,partly-cloudy-day,remote,obs,"11.9,108.4",Asia/Ho_Chi_Minh,7.0,24,DL_FIRE_SV-C2_684288,11.9,108.4,2026-01-07
2026-01-08,1767805200,19.3,11.8,14.9,19.3,11.8,14.9,11.4,80.2,0.0,0.0,0.0,,0.0,0.0,47.9,15.8,29.7,1019.3,65.7,16.0,230.7,19.9,8.0,10.0,06:09:09,1767827349,17:36:59,1767868619,0.66,type_42,Variablecloud.,partly-cloudy-day,remote,obs,"11.9,108.4",Asia/Ho_Chi_Minh,7.0,24,DL_FIRE_SV-C2_684288,11.9,108.4,2026-01-08
2026-01-09,1767891600,19.6,10.3,14.2,19.6,10.3,14.2,10.0,77.2,0.0,0.0,0.0,,0.0,0.0,39.2,13.3,26.4,1018.3,70.9,15.3,241.1,20.9,8.0,10.0,06:09:26,1767913766,17:37:32,1767955052,0.69,type_42,Clearingpm.,partly-cloudy-day,remote,obs,"11.9,108.4",Asia/Ho_Chi_Minh,7.0,24,DL_FIRE_SV-C2_684288,11.9,108.4,2026-01-09
2026-01-10,1767978000,22.4,10.6,15.7,22.4,10.6,15.7,11.5,77.5,0.0,0.0,0.0,,0.0,0.0,26.3,7.2,28.8,1017.2,72.5,24.1,239.4,20.8,9.0,10.0,06:09:43,1768000183,17:38:06,1768041486,0.75,type_42,Variablecloud.,partly-cloudy-day,remote,obs,"11.9,108.4",Asia/Ho_Chi_Minh,7.0,24,DL_FIRE_SV-C2_684288,11.9,108.4,2026-01-10
2026-01-11,1768064400,21.8,13.5,16.9,21.8,13.5,16.9,13.6,81.6,0.0,0.0,0.0,rain,0.0,0.0,41.8,14.8,37.4,1018.9,98.2,20.6,170.8,14.6,6.0,10.0,06:09:58,1768086598,17:38:38,1768127918,0.75,type_41,Overcast.,cloudy,remote,obs,"11.9,108.4",Asia/Ho_Chi_Minh,7.0,24,DL_FIRE_SV-C2_684288,11.9,108.4,2026-01-11
2026-01-12,1768150800,23.8,13.5,18.0,23.8,13.5,18.0,14.5,81.1,0.0,0.0,0.0,rain,0.0,0.0,24.8,7.2,34.9,1018.0,49.5,22.1,222.5,19.5,8.0,10.0,06:10:12,1768173012,17:39:11,1768214351,0.79,type_42,Variablecloud.,partly-cloudy-day,remote,obs,"11.9,108.4",Asia/Ho_Chi_Minh,7.0,24,DL_FIRE_SV-C2_684288,11.9,108.4,2026-01-12
2026-01-13,1768237200,23.7,15.2,18.5,23.7,15.2,18.5,14.7,79.8,0.0,0.0,0.0,rain,0.0,0.0,23.4,6.5,26.0,1017.2,57.5,23.3,206.5,18.0,7.0,10.0,06:10:26,1768259426,17:39:44,1768300784,0.82,type_42,Variablecloud.,partly-cloudy-day,remote,obs,"11.9,108.4",Asia/Ho_Chi_Minh,7.0,24,DL_FIRE_SV-C2_684288,11.9,108.4,2026-01-13
2026-01-14,1768323600,24.5,13.6,18.5,24.5,13.6,18.5,13.7,75.7,0.0,0.0,0.0,rain,0.0,0.0,22.0,5.4,30.0,1015.8,28.2,24.0,230.6,20.1,8.0,10.0,06:10:38,1768345838,17:40:16,1768387216,0.85,type_42,Cloudierpm.,partly-cloudy-day,remote,obs,"11.9,108.4",Asia/Ho_Chi_Minh,7.0,24,DL_FIRE_SV-C2_684288,11.9,108.4,2026-01-14
2026-01-15,1768410000,24.4,14.9,18.9,24.4,14.9,18.9,14.3,77.2,0.0,0.0,0.0,rain,0.0,0.0,27.0,7.9,22.0,1015.3,39.5,24.1,248.3,21.5,9.0,10.0,06:10:50,1768432250,17:40:48,1768473648,0.88,type_42,Variablecloud.,partly-cloudy-day,remote,obs,"11.9,108.4",Asia/Ho_Chi_Minh,7.0,24,DL_FIRE_SV-C2_684288,11.9,108.4,2026-01-15
2026-01-16,1768496400,24.6,13.2,18.5,24.6,13.2,18.5,11.3,66.8,0.0,0.0,0.0,,0.0,0.0,22.0,6.1,21.1,1013.8,66.8,24.1,259.6,22.5,9.0,10.0,06:11:00,1768518660,17:41:19,1768560079,0.92,type_42,Variablecloud.,partly-cloudy-day,remote,obs,"11.9,108.4",Asia/Ho_Chi_Minh,7.0,24,DL_FIRE_SV-C2_684288,11.9,108.4,2026-01-16
2026-01-17,1768582800,24.0,13.1,18.2,24.0,13.1,18.2,12.5,71.2,0.0,0.0,0.0,rain,0.0,0.0,25.9,7.2,10.0,1012.2,89.9,24.1,246.0,21.3,9.0,10.0,06:11:10,1768605070,17:41:51,1768646511,0.95,type_42,Variablecloud.,partly-cloudy-day,remote,obs,"11.9,108.4",Asia/Ho_Chi_Minh,7.0,24,DL_FIRE_SV-C2_684288,11.9,108.4,2026-01-17
2026-01-18,1768669200,24.3,12.1,17.2,24.3,12.1,17.2,10.4,69.3,0.0,0.0,0.0,,0.0,0.0,15.8,6.8,10.9,1011.6,87.3,24.1,245.0,21.1,9.0,10.0,06:11:18,1768691478,17:42:22,1768732942,0.98,type_42,Variablecloud.,partly-cloudy-day,remote,obs,"11.9,108.4",Asia/Ho_Chi_Minh,7.0,24,DL_FIRE_SV-C2_684288,11.9,108.4,2026-01-18
2026-01-19,1768755600,24.7,11.0,16.0,24.7,11.0,16.0,8.7,66.0,0.0,0.0,0.0,,0.0,0.0,12.2,7.2,26.5,1012.8,60.6,24.1,266.5,23.1,9.0,10.0,06:11:25,1768777885,17:42:52,1768819372,0.0,type_42,Variablecloud.,partly-cloudy-day,remote,obs,"11.9,108.4",Asia/Ho_Chi_Minh,7.0,24,DL_FIRE_SV-C2_684288,11.9,108.4,2026-01-19
2026-01-20,1768842000,24.1,9.9,15.6,24.1,9.5,15.6,7.0,61.6,0.0,0.0,0.0,,0.0,0.0,10.8,7.6,30.1,1013.9,40.5,24.1,268.0,23.2,9.0,10.0,06:11:31,1768864291,17:43:22,1768905802,0.05,type_42,Variablecloud.,partly-cloudy-day,remote,obs,"11.9,108.4",Asia/Ho_Chi_Minh,7.0,24,DL_FIRE_SV-C2_684288,11.9,108.4,2026-01-20
2026-01-21,1768928400,23.6,8.1,14.7,23.6,7.5,14.7,5.9,59.5,0.0,0.0,0.0,,0.0,0.0,14.4,8.6,47.6,1015.6,31.5,24.1,277.8,24.0,10.0,10.0,06:11:36,1768950696,17:43:52,1768992232,0.08,type_42,Variablecloud.,partly-cloudy-day,remote,obs,"11.9,108.4",Asia/Ho_Chi_Minh,7.0,24,DL_FIRE_SV-C2_684288,11.9,108.4,2026-01-21
2026-01-22,1769014800,22.2,9.2,14.6,22.2,8.8,14.6,10.5,79.4,0.2,100.0,8.33,rain,0.0,0.0,24.8,12.2,46.3,1017.0,44.4,22.4,226.3,19.7,9.0,10.0,06:11:41,1769037101,17:44:22,1769078662,0.12,"type_21, type_42",Cloudierpm with raindefinite.,rain,remote,obs,"11.9,108.4",Asia/Ho_Chi_Minh,7.0,24,DL_FIRE_SV-C2_684288,11.9,108.4,2026-01-22
2026-01-23,1769101200,23.6,9.1,14.7,23.6,8.5,14.5,10.2,79.1,0.1,100.0,4.17,rain,0.0,0.0,18.0,9.4,52.3,1018.1,51.6,19.9,244.2,21.1,9.0,10.0,06:11:44,1769123504,17:44:50,1769165090,0.16,"type_21, type_42",Variablecloud with rainpm.,rain,remote,obs,"11.9,108.4",Asia/Ho_Chi_Minh,7.0,24,DL_FIRE_SV-C2_684288,11.9,108.4,2026-01-23
2026-01-24,1769187600,24.9,9.7,14.5,24.9,9.5,14.5,10.6,81.0,0.0,0.0,0.0,rain,0.0,0.0,11.5,7.6,42.9,1018.3,68.6,19.4,211.0,18.4,9.0,10.0,06:11:45,1769209905,17:45:19,1769251519,0.19,type_42,Variablecloud.,partly-cloudy-day,remote,comb,"11.9,108.4",Asia/Ho_Chi_Minh,7.0,24,DL_FIRE_SV-C2_684288,11.9,108.4,2026-01-24
2026-01-25,1769274000,26.1,10.3,16.3,26.1,10.3,16.3,9.8,71.5,0.0,0.0,0.0,,0.0,0.0,7.6,4.7,48.2,1016.4,40.0,23.5,274.7,23.7,10.0,10.0,06:11:46,1769296306,17:45:47,1769337947,0.23,type_42,Variablecloud.,partly-cloudy-day,,fcst,"11.9,108.4",Asia/Ho_Chi_Minh,7.0,24,DL_FIRE_SV-C2_684288,11.9,108.4,2026-01-25
2026-01-26,1769360400,27.3,10.5,16.7,26.4,10.5,16.6,7.8,64.8,0.0,0.0,0.0,,0.0,0.0,8.3,4.7,54.9,1016.4,7.9,22.9,282.1,24.5,10.0,10.0,06:11:46,1769382706,17:46:14,1769424374,0.25,type_43,Clear.,clear-day,,fcst,"11.9,108.4",Asia/Ho_Chi_Minh,7.0,24,DL_FIRE_SV-C2_684288,11.9,108.4,2026-01-26
2026-01-27,1769446800,27.3,11.1,17.2,26.4,11.1,17.2,8.1,61.8,0.0,0.0,0.0,,0.0,0.0,9.7,5.4,22.4,1016.6,51.8,24.1,270.5,23.3,10.0,10.0,06:11:45,1769469105,17:46:41,1769510801,0.3,type_42,Variablecloud.,partly-cloudy-day,,fcst,"11.9,108.4",Asia/Ho_Chi_Minh,7.0,24,DL_FIRE_SV-C2_684288,11.9,108.4,2026-01-27
2026-01-28,1769533200,24.9,11.1,16.5,24.9,11.1,16.5,8.7,65.2,0.1,0.0,4.17,rain,0.0,0.0,15.8,8.6,37.7,1016.8,62.7,21.7,265.9,22.9,9.0,10.0,06:11:42,1769555502,17:47:07,1769597227,0.33,type_42,Variablecloud.,partly-cloudy-day,,fcst,"11.9,108.4",Asia/Ho_Chi_Minh,7.0,24,DL_FIRE_SV-C2_684288,11.9,108.4,2026-01-28
2026-01-29,1769619600,26.1,9.1,16.1,26.1,8.7,16.0,8.3,67.1,0.0,0.0,0.0,,0.0,0.0,9.4,6.1,40.4,1016.4,90.8,24.1,289.0,24.9,9.0,10.0,06:11:39,1769641899,17:47:33,1769683653,0.37,type_41,Overcast.,cloudy,,fcst,"11.9,108.4",Asia/Ho_Chi_Minh,7.0,24,DL_FIRE_SV-C2_684288,11.9,108.4,2026-01-29
2026-01-30,1769706000,27.3,11.7,17.3,26.2,11.7,17.2,5.2,51.7,0.0,6.5,0.0,,0.0,0.0,6.8,6.8,52.9,1016.1,78.6,24.1,255.3,22.2,9.0,10.0,06:11:34,1769728294,17:47:58,1769770078,0.4,type_42,Clearingpm.,partly-cloudy-day,,fcst,"11.9,108.4",Asia/Ho_Chi_Minh,7.0,24,DL_FIRE_SV-C2_684288,11.9,108.4,2026-01-30
2026-01-31,1769792400,25.0,12.0,17.3,25.0,12.0,17.3,8.1,60.2,1.6,19.4,12.5,rain,0.0,0.0,12.6,10.1,75.1,1016.5,80.9,21.1,216.1,18.6,9.0,10.0,06:11:29,1769814689,17:48:23,1769856503,0.44,type_42,Variablecloud.,partly-cloudy-day,,fcst,"11.9,108.4",Asia/Ho_Chi_Minh,7.0,24,DL_FIRE_SV-C2_684288,11.9,108.4,2026-01-31
2026-01-01,1767200400,29.0,20.0,24.7,29.1,20.0,24.9,16.8,62.5,0.0,0.0,0.0,,0.0,0.0,25.6,29.5,5.6,1012.3,13.7,10.9,237.2,20.5,9.0,10.0,06:05:56,1767222356,17:32:18,1767263538,0.42,type_43,Clear.,clear-day,"VMI0000VVCR,VVCR,VMI0000VVNT",obs,"11.9,108.6",Asia/Ho_Chi_Minh,7.0,24,DL_FIRE_SV-C2_684292,11.9,108.6,2026-01-01
2026-01-02,1767286800,28.0,22.9,25.0,29.7,22.9,25.4,18.0,65.2,0.2,100.0,8.33,rain,0.0,0.0,53.6,37.1,9.0,1014.9,40.6,10.9,202.2,17.6,7.0,10.0,06:06:19,1767308779,17:32:51,1767349971,0.46,"type_21, type_42",Variablecloud with rainpm.,rain,"VMI0000VVCR,VVCR,VMI0000VVNT",obs,"11.9,108.6",Asia/Ho_Chi_Minh,7.0,24,DL_FIRE_SV-C2_684292,11.9,108.6,2026-01-02
2026-01-03,1767373200,28.0,23.0,24.9,28.9,23.0,25.1,17.4,63.1,0.0,0.0,0.0,,0.0,0.0,51.8,35.3,5.2,1015.7,32.0,10.9,234.6,20.2,8.0,10.0,06:06:41,1767395201,17:33:24,1767436404,0.5,type_42,Variablecloud.,partly-cloudy-day,"VMI0000VVCR,VVCR,VMI0000VVNT",obs,"11.9,108.6",Asia/Ho_Chi_Minh,7.0,24,DL_FIRE_SV-C2_684292,11.9,108.6,2026-01-03
2026-01-04,1767459600,26.0,22.0,24.2,26.0,22.0,24.2,18.6,71.5,0.0,0.0,0.0,rain,0.0,0.0,46.8,25.9,350.8,1015.1,79.1,10.7,188.7,16.2,8.0,10.0,06:07:03,1767481623,17:33:58,1767522838,0.53,type_42,Variablecloud.,partly-cloudy-day,"VMI0000VVCR,VVCR,VMI0000VVNT",obs,"11.9,108.6",Asia/Ho_Chi_Minh,7.0,24,DL_FIRE_SV-C2_684292,11.9,108.6,2026-01-04
2026-01-05,1767546000,27.0,23.7,24.9,28.2,23.7,25.0,19.0,70.1,0.0,0.0,0.0,rain,0.0,0.0,38.9,31.7,1.7,1015.4,90.0,10.9,127.4,11.0,5.0,10.0,06:07:24,1767568044,17:34:31,1767609271,0.56,type_42,Variablecloud.,partly-cloudy-day,"VMI0000VVCR,VVCR,VMI0000VVNT",obs,"11.9,108.6",Asia/Ho_Chi_Minh,7.0,24,DL_FIRE_SV-C2_684292,11.9,108.6,2026-01-05
2026-01-06,1767632400,28.0,23.0,25.0,28.6,23.0,25.2,17.9,65.0,0.0,0.0,0.0,rain,0.0,0.0,63.0,40.7,11.3,1016.6,70.5,10.8,113.6,9.9,4.0,10.0,06:07:44,1767654464,17:35:05,1767695705,0.59,type_42,Variablecloud.,partly-cloudy-day,"VMI0000VVCR,VVCR,VMI0000VVNT",obs,"11.9,108.6",Asia/Ho_Chi_Minh,7.0,24,DL_FIRE_SV-C2_684292,11.9,108.6,2026-01-06
2026-01-07,1767718800,26.0,22.9,24.2,26.0,22.9,24.2,16.5,62.4,0.0,0.0,0.0,,0.0,0.0,57.6,44.6,10.9,1017.9,63.9,10.9,188.9,16.4,7.0,10.0,06:08:03,1767740883,17:35:38,1767782138,0.62,type_42,Variablecloud.,partly-cloudy-day,"VMI0000VVCR,VVCR,VMI0000VVNT",obs,"11.9,108.6",Asia/Ho_Chi_Minh,7.0,24,DL_FIRE_SV-C2_684292,11.9,108.6,2026-01-07
2026-01-08,1767805200,26.5,21.9,23.7,26.5,21.9,23.7,15.0,58.7,0.0,0.0,0.0,,0.0,0.0,53.6,40.7,2.7,1018.3,49.8,11.0,230.7,19.9,8.0,10.0,06:08:21,1767827301,17:36:11,1767868571,0.66,type_42,Variablecloud.,partly-cloudy-day,"VMI0000VVCR,VVCR,VMI0000VVNT",obs,"11.9,108.6",Asia/Ho_Chi_Minh,7.0,24,DL_FIRE_SV-C2_684292,11.9,108.6,2026-01-08
2026-01-09,1767891600,27.0,20.0,23.1,27.0,20.0,23.1,13.6,55.8,0.0,0.0,0.0,,0.0,0.0,39.2,40.7,354.1,1017.0,24.7,10.8,241.1,20.9,8.0,10.0,06:08:38,1767913718,17:36:44,1767955004,0.69,type_42,Variablecloud.,partly-cloudy-day,"VMI0000VVCR,VVCR,VMI0000VVNT",obs,"11.9,108.6",Asia/Ho_Chi_Minh,7.0,24,DL_FIRE_SV-C2_684292,11.9,108.6,2026-01-09
2026-01-10,1767978000,28.0,19.0,23.1,28.6,19.0,23.3,15.8,64.2,0.0,0.0,0.0,,0.0,0.0,26.3,32.1,18.8,1015.5,25.8,11.0,239.4,20.8,9.0,10.0,06:08:55,1768000135,17:37:18,1768041438,0.75,type_42,Variablecloud.,partly-cloudy-day,"VMI0000VVCR,VVCR,VMI0000VVNT",obs,"11.9,108.6",Asia/Ho_Chi_Minh,7.0,24,DL_FIRE_SV-C2_684292,11.9,108.6,2026-01-10
2026-01-11,1768064400,28.0,22.8,24.3,28.3,22.8,24.4,16.4,61.6,0.0,0.0,0.0,rain,0.0,0.0,41.8,37.1,7.4,1017.2,53.5,10.9,170.8,14.6,6.0,10.0,06:09:10,1768086550,17:37:50,1768127870,0.75,type_42,Clearingpm.,partly-cloudy-day,"VMI0000VVCR,VVCR,VMI0000VVNT",obs,"11.9,108.6",Asia/Ho_Chi_Minh,7.0,24,DL_FIRE_SV-C2_684292,11.9,108.6,2026-01-11
2026-01-12,1768150800,28.0,20.0,23.7,28.9,20.0,23.8,17.0,66.5,0.0,0.0,0.0,rain,0.0,0.0,24.8,33.5,14.3,1016.8,48.3,10.9,222.5,19.5,8.0,10.0,06:09:24,1768172964,17:38:23,1768214303,0.79,type_42,Clearingpm.,partly-cloudy-day,"VMI0000VVCR,VVCR,VMI0000VVNT",obs,"11.9,108.6",Asia/Ho_Chi_Minh,7.0,24,DL_FIRE_SV-C2_684292,11.9,108.6,2026-01-12
2026-01-13,1768237200,27.8,22.0,24.2,28.1,22.0,24.3,17.3,65.9,0.0,0.0,0.0,rain,0.0,0.0,23.4,35.3,17.2,1015.9,51.2,10.9,206.5,18.0,7.0,10.0,06:09:38,1768259378,17:38:56,1768300736,0.82,type_42,Clearingpm.,partly-cloudy-day,"VMI0000VVCR,VVCR,VMI0000VVNT",obs,"11.9,108.6",Asia/Ho_Chi_Minh,7.0,24,DL_FIRE_SV-C2_684292,11.9,108.6,2026-01-13
2026-01-14,1768323600,27.6,21.0,23.9,28.6,21.0,24.1,17.9,69.6,0.0,0.0,0.0,rain,0.0,0.0,22.0,27.7,16.0,1014.5,36.6,11.5,230.6,20.1,8.0,10.0,06:09:50,1768345790,17:39:28,1768387168,0.85,type_42,Variablecloud.,partly-cloudy-day,"VMI0000VVCR,VVCR,remote,VMI0000VVNT",obs,"11.9,108.6",Asia/Ho_Chi_Minh,7.0,24,DL_FIRE_SV-C2_684292,11.9,108.6,2026-01-14
2026-01-15,1768410000,28.0,19.0,23.7,28.9,19.0,23.9,18.3,72.5,0.0,0.0,0.0,rain,0.0,0.0,27.0,37.1,24.3,1013.8,9.5,10.9,248.3,21.5,9.0,10.0,06:10:02,1768432202,17:40:00,1768473600,0.88,type_43,Clear.,clear-day,"VMI0000VVCR,VVCR,VMI0000VVNT",obs,"11.9,108.6",Asia/Ho_Chi_Minh,7.0,24,DL_FIRE_SV-C2_684292,11.9,108.6,2026-01-15
2026-01-16,1768496400,28.0,14.2,23.6,28.5,14.2,23.7,18.0,72.2,0.0,0.0,0.0,,0.0,0.0,22.0,25.9,23.9,1012.6,58.2,10.7,259.6,22.5,9.0,10.0,06:10:12,1768518612,17:40:31,1768560031,0.92,type_42,Variablecloud.,partly-cloudy-day,"VMI0000VVCR,VVCR,remote,VMI0000VVNT",obs,"11.9,108.6",Asia/Ho_Chi_Minh,7.0,24,DL_FIRE_SV-C2_684292,11.9,108.6,2026-01-16
2026-01-17,1768582800,27.0,19.0,23.3,28.4,19.0,23.5,18.9,77.1,0.0,0.0,0.0,rain,0.0,0.0,25.9,29.5,34.5,1011.0,69.1,10.0,246.0,21.3,9.0,10.0,06:10:22,1768605022,17:41:03,1768646463,0.95,type_42,Variablecloud.,partly-cloudy-day,VVCR,obs,"11.9,108.6",Asia/Ho_Chi_Minh,7.0,24,DL_FIRE_SV-C2_684292,11.9,108.6,2026-01-17
2026-01-18,1768669200,28.0,20.0,23.9,29.6,20.0,24.1,18.3,72.5,0.0,0.0,0.0,,0.0,0.0,15.8,33.5,20.7,1010.5,87.3,10.0,245.0,21.1,9.0,10.0,06:10:30,1768691430,17:41:34,1768732894,0.98,type_42,Variablecloud.,partly-cloudy-day,VVCR,obs,"11.9,108.6",Asia/Ho_Chi_Minh,7.0,24,DL_FIRE_SV-C2_684292,11.9,108.6,2026-01-18
2026-01-19,1768755600,28.0,20.0,24.1,29.2,20.0,24.3,18.1,70.5,0.0,0.0,0.0,,0.0,0.0,12.2,25.9,11.0,1011.4,58.0,10.0,266.5,23.1,9.0,10.0,06:10:37,1768777837,17:42:04,1768819324,0.0,type_42,Variablecloud.,partly-cloudy-day,VVCR,obs,"11.9,108.6",Asia/Ho_Chi_Minh,7.0,24,DL_FIRE_SV-C2_684292,11.9,108.6,2026-01-19
2026-01-20,1768842000,28.0,17.9,23.4,29.2,17.9,23.6,17.3,69.5,0.0,0.0,0.0,,0.0,0.0,10.8,33.5,12.7,1012.8,41.6,10.0,268.0,23.2,9.0,10.0,06:10:43,1768864243,17:42:34,1768905754,0.05,type_42,Variablecloud.,partly-cloudy-day,VVCR,obs,"11.9,108.6",Asia/Ho_Chi_Minh,7.0,24,DL_FIRE_SV-C2_684292,11.9,108.6,2026-01-20
2026-01-21,1768928400,28.0,22.0,24.4,28.5,22.0,24.5,16.8,62.9,0.0,0.0,0.0,,0.0,0.0,14.4,37.1,9.5,1014.5,52.4,10.0,277.8,24.0,10.0,10.0,06:10:48,1768950648,17:43:04,1768992184,0.08,type_42,Variablecloud.,partly-cloudy-day,VVCR,obs,"11.9,108.6",Asia/Ho_Chi_Minh,7.0,24,DL_FIRE_SV-C2_684292,11.9,108.6,2026-01-21
2026-01-22,1769014800,27.0,22.0,24.1,28.4,22.0,24.2,18.5,71.2,0.2,100.0,8.33,rain,0.0,0.0,24.8,37.1,3.4,1015.9,61.1,9.9,226.3,19.7,9.0,10.0,06:10:53,1769037053,17:43:34,1769078614,0.12,"type_21, type_42",Variablecloud with raindefinite.,rain,VVCR,obs,"11.9,108.6",Asia/Ho_Chi_Minh,7.0,24,DL_FIRE_SV-C2_684292,11.9,108.6,2026-01-22
2026-01-23,1769101200,28.0,21.0,24.2,29.6,21.0,24.4,18.8,72.4,0.1,100.0,4.17,rain,0.0,0.0,18.0,33.5,7.8,1017.5,49.4,10.0,244.2,21.1,9.0,10.0,06:10:56,1769123456,17:44:02,1769165042,0.16,"type_21, type_42",Variablecloud with rainpm.,rain,VVCR,obs,"11.9,108.6",Asia/Ho_Chi_Minh,7.0,24,DL_FIRE_SV-C2_684292,11.9,108.6,2026-01-23
2026-01-24,1769187600,28.0,10.9,22.9,28.8,10.9,23.1,16.8,69.7,0.0,0.0,0.0,rain,0.0,0.0,11.5,31.7,23.8,1017.6,46.6,10.3,211.0,18.4,9.0,10.0,06:10:57,1769209857,17:44:31,1769251471,0.19,type_42,Variablecloud.,partly-cloudy-day,"VVCR,remote",comb,"11.9,108.6",Asia/Ho_Chi_Minh,7.0,24,DL_FIRE_SV-C2_684292,11.9,108.6,2026-01-24
2026-01-25,1769274000,26.1,10.3,16.3,26.1,10.3,16.3,9.8,71.5,0.0,0.0,0.0,,0.0,0.0,7.6,4.7,48.2,1016.4,40.0,23.5,274.7,23.7,10.0,10.0,06:10:58,1769296258,17:44:59,1769337899,0.23,type_42,Variablecloud.,partly-cloudy-day,,fcst,"11.9,108.6",Asia/Ho_Chi_Minh,7.0,24,DL_FIRE_SV-C2_684292,11.9,108.6,2026-01-25
2026-01-26,1769360400,27.3,10.5,16.7,26.4,10.5,16.6,7.8,64.8,0.0,0.0,0.0,,0.0,0.0,8.3,4.7,54.9,1016.4,7.9,22.9,282.1,24.5,10.0,10.0,06:10:58,1769382658,17:45:26,1769424326,0.25,type_43,Clear.,clear-day,,fcst,"11.9,108.6",Asia/Ho_Chi_Minh,7.0,24,DL_FIRE_SV-C2_684292,11.9,108.6,2026-01-26
2026-01-27,1769446800,27.3,11.1,17.2,26.4,11.1,17.2,8.1,61.8,0.0,0.0,0.0,,0.0,0.0,9.7,5.4,22.4,1016.6,51.8,24.1,270.5,23.3,10.0,10.0,06:10:57,1769469057,17:45:53,1769510753,0.3,type_42,Variablecloud.,partly-cloudy-day,,fcst,"11.9,108.6",Asia/Ho_Chi_Minh,7.0,24,DL_FIRE_SV-C2_684292,11.9,108.6,2026-01-27
2026-01-28,1769533200,24.9,11.1,16.5,24.9,11.1,16.5,8.7,65.2,0.1,0.0,4.17,rain,0.0,0.0,15.8,8.6,37.7,1016.8,62.7,21.7,265.9,22.9,9.0,10.0,06:10:54,1769555454,17:46:19,1769597179,0.33,type_42,Variablecloud.,partly-cloudy-day,,fcst,"11.9,108.6",Asia/Ho_Chi_Minh,7.0,24,DL_FIRE_SV-C2_684292,11.9,108.6,2026-01-28
2026-01-29,1769619600,26.1,9.1,16.1,26.1,8.7,16.0,8.3,67.1,0.0,0.0,0.0,,0.0,0.0,9.4,6.1,40.4,1016.4,90.8,24.1,289.0,24.9,9.0,10.0,06:10:51,1769641851,17:46:45,1769683605,0.37,type_41,Overcast.,cloudy,,fcst,"11.9,108.6",Asia/Ho_Chi_Minh,7.0,24,DL_FIRE_SV-C2_684292,11.9,108.6,2026-01-29
2026-01-30,1769706000,27.3,11.7,17.3,26.2,11.7,17.2,5.2,51.7,0.0,6.5,0.0,,0.0,0.0,6.8,6.8,52.9,1016.1,78.6,24.1,255.3,22.2,9.0,10.0,06:10:46,1769728246,17:47:10,1769770030,0.4,type_42,Clearingpm.,partly-cloudy-day,,fcst,"11.9,108.6",Asia/Ho_Chi_Minh,7.0,24,DL_FIRE_SV-C2_684292,11.9,108.6,2026-01-30
2026-01-31,1769792400,25.0,12.0,17.3,25.0,12.0,17.3,8.1,60.2,1.6,19.4,12.5,rain,0.0,0.0,12.6,10.1,75.1,1016.5,80.9,21.1,216.1,18.6,9.0,10.0,06:10:41,1769814641,17:47:34,1769856454,0.44,type_42,Variablecloud.,partly-cloudy-day,,fcst,"11.9,108.6",Asia/Ho_Chi_Minh,7.0,24,DL_FIRE_SV-C2_684292,11.9,108.6,2026-01-31
2026-01-01,1767200400,29.0,20.0,24.7,29.1,20.0,24.9,16.8,62.4,0.0,0.0,0.0,,0.0,0.0,29.5,29.5,5.3,1012.3,13.4,10.7,234.3,20.3,8.0,10.0,06:04:56,1767222296,17:31:18,1767263478,0.42,type_43,Clear.,clear-day,"VMI0000VVCR,VVCR,VMI0000VVNT",obs,"11.9,108.85",Asia/Ho_Chi_Minh,7.0,24,DL_FIRE_SV-C2_684294,11.9,108.85,2026-01-01
2026-01-02,1767286800,28.0,22.9,25.0,29.7,22.9,25.4,18.0,65.1,0.3,100.0,12.5,rain,0.0,0.0,51.1,37.1,8.9,1014.8,40.3,10.7,178.6,15.2,7.0,10.0,06:05:19,1767308719,17:31:51,1767349911,0.46,"type_21, type_42",Variablecloud with rainampm.,rain,"VMI0000VVCR,VVCR,VMI0000VVNT",obs,"11.9,108.85",Asia/Ho_Chi_Minh,7.0,24,DL_FIRE_SV-C2_684294,11.9,108.85,2026-01-02
2026-01-03,1767373200,28.0,23.0,24.9,28.9,23.0,25.1,17.3,62.9,0.0,0.0,0.0,,0.0,0.0,52.9,35.3,5.2,1015.7,31.7,10.7,222.3,19.0,8.0,10.0,06:05:41,1767395141,17:32:24,1767436344,0.5,type_42,Variablecloud.,partly-cloudy-day,"VMI0000VVCR,VVCR,VMI0000VVNT",obs,"11.9,108.85",Asia/Ho_Chi_Minh,7.0,24,DL_FIRE_SV-C2_684294,11.9,108.85,2026-01-03
2026-01-04,1767459600,26.0,22.0,24.3,26.0,22.0,24.3,18.6,71.3,0.0,0.0,0.0,,0.0,0.0,44.6,25.9,351.0,1015.1,79.2,10.6,175.4,15.1,7.0,10.0,06:06:03,1767481563,17:32:58,1767522778,0.53,type_42,Variablecloud.,partly-cloudy-day,"VMI0000VVCR,VVCR,VMI0000VVNT",obs,"11.9,108.85",Asia/Ho_Chi_Minh,7.0,24,DL_FIRE_SV-C2_684294,11.9,108.85,2026-01-04
2026-01-05,1767546000,27.0,23.7,24.9,28.2,23.7,25.0,19.0,69.9,0.3,100.0,12.5,rain,0.0,0.0,41.0,31.7,1.9,1015.4,90.1,10.7,127.3,11.1,5.0,10.0,06:06:24,1767567984,17:33:31,1767609211,0.56,"type_21, type_41",Overcast with rainpm.,rain,"VMI0000VVCR,VVCR,VMI0000VVNT",obs,"11.9,108.85",Asia/Ho_Chi_Minh,7.0,24,DL_FIRE_SV-C2_684294,11.9,108.85,2026-01-05
2026-01-06,1767632400,28.0,23.0,25.0,28.6,23.0,25.2,17.9,64.9,0.6,100.0,25.0,rain,0.0,0.0,63.0,40.7,11.1,1016.6,70.4,10.6,95.5,8.2,4.0,10.0,06:06:44,1767654404,17:34:05,1767695645,0.59,"type_21, type_42",Variablecloud with rainampm.,rain,"VMI0000VVCR,VVCR,VMI0000VVNT",obs,"11.9,108.85",Asia/Ho_Chi_Minh,7.0,24,DL_FIRE_SV-C2_684294,11.9,108.85,2026-01-06
2026-01-07,1767718800,26.0,22.9,24.2,26.0,22.9,24.2,16.5,62.3,0.0,0.0,0.0,,0.0,0.0,57.6,44.6,10.7,1017.9,62.7,10.7,162.9,13.9,6.0,10.0,06:07:03,1767740823,17:34:38,1767782078,0.62,type_42,Variablecloud.,partly-cloudy-day,"VMI0000VVCR,VVCR,VMI0000VVNT",obs,"11.9,108.85",Asia/Ho_Chi_Minh,7.0,24,DL_FIRE_SV-C2_684294,11.9,108.85,2026-01-07
2026-01-08,1767805200,26.5,21.9,23.7,26.5,21.9,23.7,15.0,58.6,0.0,0.0,0.0,,0.0,0.0,53.6,40.7,2.5,1018.4,48.8,10.8,207.1,17.8,7.0,10.0,06:07:21,1767827241,17:35:11,1767868511,0.66,type_42,Variablecloud.,partly-cloudy-day,"VMI0000VVCR,VVCR,VMI0000VVNT",obs,"11.9,108.85",Asia/Ho_Chi_Minh,7.0,24,DL_FIRE_SV-C2_684294,11.9,108.85,2026-01-08
2026-01-09,1767891600,27.0,20.0,23.1,27.0,20.0,23.1,13.6,55.7,0.0,0.0,0.0,,0.0,0.0,43.9,40.7,354.3,1017.1,24.2,10.6,218.4,18.9,7.0,10.0,06:07:38,1767913658,17:35:44,1767954944,0.69,type_42,Variablecloud.,partly-cloudy-day,"VMI0000VVCR,VVCR,VMI0000VVNT",obs,"11.9,108.85",Asia/Ho_Chi_Minh,7.0,24,DL_FIRE_SV-C2_684294,11.9,108.85,2026-01-09
2026-01-10,1767978000,28.0,19.0,23.1,28.6,19.0,23.2,15.8,64.2,0.0,0.0,0.0,,0.0,0.0,30.6,32.4,18.5,1015.5,24.5,10.8,227.2,19.6,8.0,10.0,06:07:55,1768000075,17:36:17,1768041377,0.75,type_42,Variablecloud.,partly-cloudy-day,"VMI0000VVCR,VVCR,VMI0000VVNT",obs,"11.9,108.85",Asia/Ho_Chi_Minh,7.0,24,DL_FIRE_SV-C2_684294,11.9,108.85,2026-01-10
2026-01-11,1768064400,28.0,22.8,24.3,28.3,22.8,24.4,16.4,61.5,0.0,0.0,0.0,,0.0,0.0,42.5,37.1,7.4,1017.2,52.7,10.7,165.5,14.2,6.0,10.0,06:08:10,1768086490,17:36:50,1768127810,0.75,type_42,Clearingpm.,partly-cloudy-day,"VMI0000VVCR,VVCR,VMI0000VVNT",obs,"11.9,108.85",Asia/Ho_Chi_Minh,7.0,24,DL_FIRE_SV-C2_684294,11.9,108.85,2026-01-11
2026-01-12,1768150800,28.0,20.0,23.7,28.9,20.0,23.8,17.0,66.4,0.0,0.0,0.0,,0.0,0.0,29.5,33.5,14.0,1016.8,47.4,10.7,206.9,18.1,7.0,10.0,06:08:24,1768172904,17:37:23,1768214243,0.79,type_42,Clearingpm.,partly-cloudy-day,"VMI0000VVCR,VVCR,VMI0000VVNT",obs,"11.9,108.85",Asia/Ho_Chi_Minh,7.0,24,DL_FIRE_SV-C2_684294,11.9,108.85,2026-01-12
2026-01-13,1768237200,27.8,22.0,24.2,28.1,22.0,24.3,17.3,65.8,0.0,0.0,0.0,,0.0,0.0,29.9,35.3,16.9,1015.9,50.3,10.7,208.9,18.2,7.0,10.0,06:08:38,1768259318,17:37:56,1768300676,0.82,type_42,Clearingpm.,partly-cloudy-day,"VMI0000VVCR,VVCR,VMI0000VVNT",obs,"11.9,108.85",Asia/Ho_Chi_Minh,7.0,24,DL_FIRE_SV-C2_684294,11.9,108.85,2026-01-13
2026-01-14,1768323600,27.7,21.0,23.9,28.7,21.0,24.1,17.9,69.7,0.0,0.0,0.0,,0.0,0.0,27.4,27.7,16.4,1014.5,35.3,11.3,212.9,18.4,8.0,10.0,06:08:50,1768345730,17:38:28,1768387108,0.85,type_42,Variablecloud.,partly-cloudy-day,"VMI0000VVCR,VVCR,remote,VMI0000VVNT",obs,"11.9,108.85",Asia/Ho_Chi_Minh,7.0,24,DL_FIRE_SV-C2_684294,11.9,108.85,2026-01-14
2026-01-15,1768410000,28.0,19.0,23.7,28.9,19.0,23.9,18.3,72.4,0.0,0.0,0.0,,0.0,0.0,29.2,37.1,23.9,1013.8,9.3,10.7,250.0,21.7,9.0,10.0,06:09:02,1768432142,17:39:00,1768473540,0.88,type_43,Clear.,clear-day,"VMI0000VVCR,VVCR,VMI0000VVNT",obs,"11.9,108.85",Asia/Ho_Chi_Minh,7.0,24,DL_FIRE_SV-C2_684294,11.9,108.85,2026-01-15
2026-01-16,1768496400,28.0,15.8,23.6,28.5,15.8,23.8,18.1,72.4,0.0,0.0,0.0,,0.0,0.0,24.5,25.9,23.6,1012.6,60.0,10.7,258.3,22.4,9.0,10.0,06:09:12,1768518552,17:39:31,1768559971,0.92,type_42,Variablecloud.,partly-cloudy-day,"VMI0000VVCR,VVCR,remote,VMI0000VVNT",obs,"11.9,108.85",Asia/Ho_Chi_Minh,7.0,24,DL_FIRE_SV-C2_684294,11.9,108.85,2026-01-16
2026-01-17,1768582800,27.0,19.0,23.3,28.4,19.0,23.5,18.9,77.1,0.0,0.0,0.0,rain,0.0,0.0,29.9,29.5,34.5,1011.0,69.9,10.0,245.8,21.1,9.0,10.0,06:09:22,1768604962,17:40:03,1768646403,0.95,type_42,Variablecloud.,partly-cloudy-day,VVCR,obs,"11.9,108.85",Asia/Ho_Chi_Minh,7.0,24,DL_FIRE_SV-C2_684294,11.9,108.85,2026-01-17
2026-01-18,1768669200,28.0,20.0,23.9,29.6,20.0,24.1,18.4,72.5,0.0,0.0,0.0,,0.0,0.0,17.3,33.5,20.5,1010.5,90.2,10.0,243.8,20.9,9.0,10.0,06:09:30,1768691370,17:40:34,1768732834,0.98,type_41,Overcast.,cloudy,VVCR,obs,"11.9,108.85",Asia/Ho_Chi_Minh,7.0,24,DL_FIRE_SV-C2_684294,11.9,108.85,2026-01-18
2026-01-19,1768755600,28.0,20.0,24.1,29.2,20.0,24.3,18.2,70.5,0.0,0.0,0.0,,0.0,0.0,12.2,25.9,10.5,1011.4,54.9,10.0,268.8,23.2,9.0,10.0,06:09:37,1768777777,17:41:04,1768819264,0.0,type_42,Variablecloud.,partly-cloudy-day,VVCR,obs,"11.9,108.85",Asia/Ho_Chi_Minh,7.0,24,DL_FIRE_SV-C2_684294,11.9,108.85,2026-01-19
2026-01-20,1768842000,28.0,18.0,23.4,29.2,18.0,23.6,17.3,69.5,0.0,0.0,0.0,,0.0,0.0,13.3,33.5,12.7,1012.8,51.1,10.0,261.3,22.4,9.0,10.0,06:09:43,1768864183,17:41:34,1768905694,0.05,type_42,Variablecloud.,partly-cloudy-day,VVCR,obs,"11.9,108.85",Asia/Ho_Chi_Minh,7.0,24,DL_FIRE_SV-C2_684294,11.9,108.85,2026-01-20
2026-01-21,1768928400,28.0,22.0,24.4,28.5,22.0,24.5,16.8,62.9,0.0,0.0,0.0,,0.0,0.0,12.6,37.1,9.5,1014.5,49.9,10.0,269.2,23.4,9.0,10.0,06:09:48,1768950588,17:42:04,1768992124,0.08,type_42,Variablecloud.,partly-cloudy-day,VVCR,obs,"11.9,108.85",Asia/Ho_Chi_Minh,7.0,24,DL_FIRE_SV-C2_684294,11.9,108.85,2026-01-21
2026-01-22,1769014800,27.0,22.0,24.1,28.4,22.0,24.2,18.5,71.2,0.4,100.0,16.67,rain,0.0,0.0,18.7,37.1,3.4,1015.9,61.1,9.9,237.0,20.6,8.0,10.0,06:09:53,1769036993,17:42:33,1769078553,0.12,"type_21, type_42",Variablecloud with raindefinite.,rain,VVCR,obs,"11.9,108.85",Asia/Ho_Chi_Minh,7.0,24,DL_FIRE_SV-C2_684294,11.9,108.85,2026-01-22
2026-01-23,1769101200,28.0,21.0,24.2,29.6,21.0,24.4,18.8,72.4,0.1,100.0,4.17,rain,0.0,0.0,16.2,33.5,7.8,1017.5,46.9,10.0,263.4,22.9,9.0,10.0,06:09:56,1769123396,17:43:02,1769164982,0.16,"type_21, type_42",Variablecloud with rainpm.,rain,VVCR,obs,"11.9,108.85",Asia/Ho_Chi_Minh,7.0,24,DL_FIRE_SV-C2_684294,11.9,108.85,2026-01-23
2026-01-24,1769187600,28.0,13.2,23.2,28.8,13.2,23.4,17.1,69.6,0.2,100.0,8.33,rain,0.0,0.0,14.4,31.7,22.4,1017.6,49.5,10.9,208.2,18.1,8.0,10.0,06:09:57,1769209797,17:43:31,1769251411,0.19,"type_21, type_42",Variablecloud with rainampm.,rain,"VVCR,remote",comb,"11.9,108.85",Asia/Ho_Chi_Minh,7.0,24,DL_FIRE_SV-C2_684294,11.9,108.85,2026-01-24
2026-01-25,1769274000,25.4,11.8,17.4,25.4,11.8,17.4,12.3,76.3,0.0,3.2,0.0,,0.0,0.0,11.2,10.1,36.9,1016.8,55.8,16.9,274.0,23.9,9.0,10.0,06:09:58,1769296198,17:43:59,1769337839,0.23,type_42,Variablecloud.,partly-cloudy-day,,fcst,"11.9,108.85",Asia/Ho_Chi_Minh,7.0,24,DL_FIRE_SV-C2_684294,11.9,108.85,2026-01-25
2026-01-26,1769360400,26.6,12.1,17.9,26.6,12.1,17.9,10.9,69.6,0.0,0.0,0.0,,0.0,0.0,11.5,9.7,26.9,1016.7,18.2,24.1,278.3,24.0,10.0,10.0,06:09:58,1769382598,17:44:26,1769424266,0.25,type_43,Clear.,clear-day,,fcst,"11.9,108.85",Asia/Ho_Chi_Minh,7.0,24,DL_FIRE_SV-C2_684294,11.9,108.85,2026-01-26
2026-01-27,1769446800,26.8,12.6,18.4,26.7,12.6,18.4,12.0,70.9,0.0,0.0,0.0,,0.0,0.0,13.7,10.1,22.0,1016.6,44.7,21.4,265.2,22.9,9.0,10.0,06:09:57,1769468997,17:44:53,1769510693,0.3,type_42,Variablecloud.,partly-cloudy-day,,fcst,"11.9,108.85",Asia/Ho_Chi_Minh,7.0,24,DL_FIRE_SV-C2_684294,11.9,108.85,2026-01-27
2026-01-28,1769533200,25.1,13.1,17.8,25.1,13.1,17.8,12.1,72.4,0.1,9.7,4.17,rain,0.0,0.0,14.8,12.6,21.9,1017.0,59.8,19.5,264.5,22.9,9.0,10.0,06:09:54,1769555394,17:45:19,1769597119,0.33,type_42,Variablecloud.,partly-cloudy-day,,fcst,"11.9,108.85",Asia/Ho_Chi_Minh,7.0,24,DL_FIRE_SV-C2_684294,11.9,108.85,2026-01-28
2026-01-29,1769619600,24.0,12.1,17.4,24.0,12.1,17.4,12.8,78.5,0.0,3.2,0.0,,0.0,0.0,14.0,10.1,21.9,1016.7,73.5,20.0,263.4,22.6,8.0,10.0,06:09:51,1769641791,17:45:45,1769683545,0.37,type_42,Variablecloud.,partly-cloudy-day,,fcst,"11.9,108.85",Asia/Ho_Chi_Minh,7.0,24,DL_FIRE_SV-C2_684294,11.9,108.85,2026-01-29
2026-01-30,1769706000,26.8,12.9,18.3,26.1,12.9,18.2,9.6,62.0,0.0,0.0,0.0,,0.0,0.0,8.6,8.6,2.7,1016.3,90.4,24.1,237.8,20.4,8.0,10.0,06:09:46,1769728186,17:46:10,1769769970,0.4,type_41,Overcast.,cloudy,,fcst,"11.9,108.85",Asia/Ho_Chi_Minh,7.0,24,DL_FIRE_SV-C2_684294,11.9,108.85,2026-01-30
2026-01-31,1769792400,25.6,13.7,19.0,25.6,13.7,19.0,11.6,64.6,0.4,12.9,16.67,rain,0.0,0.0,9.7,8.6,9.9,1016.4,68.7,21.7,170.5,14.7,6.0,10.0,06:09:41,1769814581,17:46:34,1769856394,0.44,type_42,Variablecloud.,partly-cloudy-day,,fcst,"11.9,108.85",Asia/Ho_Chi_Minh,7.0,24,DL_FIRE_SV-C2_684294,11.9,108.85,2026-01-31
